PLAYID,DOWN,DIST,LOS,GAIN,FORMATION,PLAYCALL,PLAYTYPE,PASSER,SCOREDIFF,DEFTEAM,KEY.PLAYER.NUMBER,KEY.PLAYER.POSITION,FUMBLE,INTERCEPTION,PASSRESULT
1,1,10,78,2,1x2 P,RUN 03 LT,RUN,Mikey Thomas,21,ORCAS,5,RB,TRUE,FALSE,NA
2,1,10,80,-4,1x3,RUN 03 RT,RUN,Mikey Thomas,-14,HORNETS,5,RB,FALSE,FALSE,NA
3,2,6,71,8,3x1,PROTECTION 03 PASS 24,PASS,Mikey Thomas,-18,FISHES,12,Q,FALSE,FALSE,SCRAMBLE
4,4,10,75,16,2x3,PROTECTION 03 PASS 20,PASS,Mikey Thomas,1,PONIES,19,WR1,FALSE,FALSE,COMPLETE
5,1,10,70,0,2x2,RUN 05 LT,RUN,Mikey Thomas,-14,HORNETS,5,RB,FALSE,FALSE,NA
6,1,10,25,0,3x2,PROTECTION 03 PASS 20,PASS,Mikey Thomas,0,BOMBERS,3,WR3,FALSE,FALSE,INCOMPLETE
7,1,10,75,-10,1x3,PROTECTION 03 PASS 33 PASS 51 RB ROUTE 04 ROUTE 23,PASS,Mikey Thomas,-28,HORNETS,NA,NA,FALSE,FALSE,SACK
8,2,16,30,3,1x3,PROTECTION 03 PASS 64 LT WR2 ROUTE 01 RB ROUTE 02,PASS,Dante Robinson,65,BOMBERS,84,WR2,FALSE,FALSE,COMPLETE
9,3,9,19,0,3x1,PROTECTION 03 PASS 51 WR2,PASS,Mikey Thomas,-3,FISHES,3,WR3,FALSE,FALSE,INCOMPLETE
10,2,10,39,36,1x4,PROTECTION 03 PASS 05 RB ROUTE 22,PASS,Mikey Thomas,-21,ROCKETS,13,RB,FALSE,FALSE,COMPLETE
11,1,10,85,7,3x1,RUN 03 LT,RUN,Mikey Thomas,-41,ROCKETS,5,RB,FALSE,FALSE,NA
12,3,8,35,0,2x2,PROTECTION 03 PASS 64 WR3 ROUTE 13,PASS,Mikey Thomas,-6,PIGSKINS,3,WR3,FALSE,FALSE,INCOMPLETE
13,4,8,9,8,4x1,PROTECTION 03 PASS 51 WR1,PASS,Mikey Thomas,-20,WOMBATS,19,WR1,FALSE,FALSE,COMPLETE
14,1,10,30,15,3x1,PA PROTECTION 03 PASS 24,PASS,Pete Wheeler,14,ORCAS,89,WR3,FALSE,FALSE,COMPLETE
15,1,10,60,7,3x1,RUN 03 RT WR3 ROUTE 02,PASS,Mikey Thomas,-17,FISHES,3,WR3,FALSE,FALSE,COMPLETE
16,2,3,68,0,1x3,RUN 03 RT,RUN,Mikey Thomas,1,MELONHEADS,12,Q,FALSE,FALSE,NA
17,1,10,50,10,1x3,RPO 01 RUN 03 RT,PASS,Mikey Thomas,-42,FROGS,81,WR3,FALSE,FALSE,COMPLETE
18,3,15,52,0,2x3,PROTECTION 03 PASS 25 PASS 59 RT WR3 ROUTE 26,PASS,Mikey Thomas,-5,PONIES,13,RB,FALSE,FALSE,INCOMPLETE
19,1,10,37,5,3x1,PASS 33 LT,PASS,Mikey Thomas,-23,ROCKETS,9,WR4,FALSE,FALSE,COMPLETE
20,3,3,79,0,1x3 T,PROTECTION 03 PASS 64 RT RB ROUTE 02,PASS,Mikey Thomas,-56,ARMADILLOS,89,WR3,FALSE,FALSE,INCOMPLETE
21,1,10,13,5,2x2,RUN 05 LT,RUN,Mikey Thomas,-18,FISHES,5,RB,FALSE,FALSE,NA
22,3,6,43,13,2x2,RUN 03 RT WR1 ROUTE 16,PASS,Mikey Thomas,-41,ROCKETS,19,WR1,FALSE,FALSE,COMPLETE
23,1,10,75,0,1x3,PASS 35 RB MDL,PASS,Mikey Thomas,-18,MELONHEADS,5,RB,FALSE,FALSE,INCOMPLETE
24,NA,NA,3,3,2x2 T,PROTECTION 03 PASS 52,PASS,Pablo Sanchez,-37,HORNETS,82,WR2,FALSE,FALSE,COMPLETE
25,3,10,34,34,3x1,PROTECTION 03 PASS 24 WR4 ROUTE 07,PASS,Mikey Thomas,-17,MELONHEADS,18,WR2,FALSE,FALSE,COMPLETE
26,1,10,75,4,1x3,RUN 05 LT,RUN,Mikey Thomas,-18,FISHES,5,RB,FALSE,FALSE,NA
27,2,5,64,3,1x4,RUN 01,RUN,Mikey Thomas,-14,MELONHEADS,12,Q,FALSE,FALSE,NA
28,3,1,64,0,JUMBO,RUN 08 RT,RUN,Non-QB,-14,ROCKETS,5,RB,FALSE,FALSE,NA
29,2,10,21,0,1x4,PROTECTION 02 PASS 35 WR3 LT,PASS,Pablo Sanchez,-35,HORNETS,3,WR3,FALSE,FALSE,INCOMPLETE
30,3,10,70,2,2x2,PROTECTION 02 PASS 35 RB LT,PASS,Mikey Thomas,-14,HORNETS,5,RB,FALSE,FALSE,COMPLETE
31,1,10,61,0,2x3,PROTECTION 03 PASS 20,PASS,Mikey Thomas,1,PIGSKINS,19,WR1,FALSE,FALSE,INCOMPLETE
32,1,10,92,8,3x1 OVER,RUN 05 LT,RUN,Mikey Thomas,20,ORCAS,5,RB,FALSE,FALSE,NA
33,2,9,9,9,2x2 T,PROTECTION 03 PASS 52,PASS,Mikey Thomas,-14,MELONHEADS,18,WR2,FALSE,FALSE,COMPLETE
34,1,10,96,-2,1x3 T,RUN 05 RT,RUN,Mikey Thomas,-56,ARMADILLOS,5,RB,FALSE,FALSE,NA
35,3,6,64,1,2x1,PROTECTION 03 PASS 32,PASS,Mikey Thomas,0,MELONHEADS,5,RB,FALSE,FALSE,COMPLETE
36,1,10,57,7,2x2,RUN 08 LT,RUN,Mikey Thomas,21,BOMBERS,28,RB,FALSE,FALSE,NA
37,2,3,25,7,1x3,PASS 35 RB RT,PASS,Dante Robinson,-35,FROGS,14,RB,FALSE,FALSE,COMPLETE
38,1,8,8,0,3x1,PROTECTION 01 PASS 35 WR3 LT,PASS,Mikey Thomas,-42,FROGS,81,WR3,FALSE,FALSE,INCOMPLETE
39,3,6,30,-13,1x2,PROTECTION 03 PASS 64 WR1 ROUTE 22 WR4 ROUTE 27,PASS,Mikey Thomas,-14,HORNETS,NA,NA,FALSE,FALSE,SACK
40,1,10,75,9,2x2 T,RUN 06 LT,RUN,Mikey Thomas,0,BOMBERS,3,WR3,FALSE,FALSE,NA
41,2,10,65,6,2x2,RPO 01 RUN 11,PASS,Mikey Thomas,-10,FISHES,10,WR1,FALSE,FALSE,COMPLETE
42,1,4,4,1,1x2,PROTECTION 03 PASS 64 WR4 ROUTE 13,PASS,Mikey Thomas,-31,PONIES,12,Q,FALSE,FALSE,SCRAMBLE
43,2,12,50,3,2x2 T,PROTECTION 03 PASS 46 LT,PASS,Mikey Thomas,-35,FROGS,12,Q,FALSE,FALSE,SCRAMBLE
44,1,10,92,4,2x1,PROTECTION 03 PASS 32,PASS,Mikey Thomas,0,FROGS,24,RB,FALSE,FALSE,COMPLETE
45,1,10,73,3,3x1,RUN 05 RT WR2 ROUTE 03,RUN,Pablo Sanchez,-20,PIGSKINS,5,RB,FALSE,FALSE,NA
46,1,10,63,8,2x2,RUN 05 RT,PASS,Pablo Sanchez,-41,ROCKETS,83,WR3,FALSE,FALSE,COMPLETE
47,1,10,53,4,1x3,RUN 05 LT WR4 ROUTE 03,RUN,Mikey Thomas,-10,MELONHEADS,5,RB,FALSE,FALSE,NA
48,3,1,14,0,3x1 T,RUN 05 LT,RUN,Mikey Thomas,-36,PONIES,8,RB,FALSE,FALSE,NA
49,3,2,15,9,2x2,RUN 03 WR1 RT,RUN,Non-QB,58,BOMBERS,29,WR1,FALSE,FALSE,NA
50,1,10,75,6,1x3,PROTECTION 03 PASS 01,PASS,Mikey Thomas,0,FROGS,3,WR3,FALSE,FALSE,COMPLETE
51,1,10,79,0,2x2,PROTECTION 03 PASS 64,PASS,Pablo Sanchez,-25,PONIES,NA,NA,FALSE,FALSE,INCOMPLETE
52,4,2,40,12,2x3,PROTECTION 03 PASS 26,PASS,Pete Wheeler,34,ORCAS,8,WR1,FALSE,FALSE,COMPLETE
53,1,10,28,2,2x2 S,RUN 02,RUN,Pete Wheeler,34,ORCAS,14,RB,FALSE,FALSE,NA
54,1,10,38,8,2x2,RUN 01,RUN,Mikey Thomas,1,PONIES,8,RB,FALSE,FALSE,NA
55,3,4,53,15,2x2,RPO 01 RUN 01,RUN,Mikey Thomas,1,PONIES,5,RB,FALSE,FALSE,NA
56,1,10,56,1,1x3,RUN 05 RT WR3 ROUTE 02,RUN,Mikey Thomas,0,WOMBATS,5,RB,FALSE,FALSE,NA
57,2,12,53,0,1x3 T,PROTECTION 03 PASS 19 RT RB ROUTE 02,PASS,Mikey Thomas,44,BOMBERS,NA,NA,FALSE,FALSE,INCOMPLETE
58,2,7,66,12,1x3,PASS 35 WR3 RT,PASS,Mikey Thomas,-3,FISHES,3,WR3,FALSE,FALSE,COMPLETE
59,1,10,42,0,2x2,PASS 35 LT,PASS,Mikey Thomas,28,BOMBERS,5,RB,FALSE,FALSE,INCOMPLETE
60,2,4,50,1,3x2,PROTECTION 03 PASS 64 WR4 ROUTE 13,PASS,Mikey Thomas,-13,PONIES,9,WR4,FALSE,FALSE,COMPLETE
61,4,6,61,13,1x3,PROTECTION 02 PASS 35 RB LT,PASS,Dante Robinson,-33,PIGSKINS,5,RB,FALSE,FALSE,COMPLETE
62,2,7,77,3,2x2,PROTECTION 03 PASS 01,PASS,Mikey Thomas,-7,PIGSKINS,3,WR3,FALSE,FALSE,COMPLETE
63,3,9,43,12,2x3,PROTECTION 03 PASS 64 WR2 ROUTE 13,PASS,Mikey Thomas,-14,MELONHEADS,19,WR1,FALSE,FALSE,COMPLETE
64,2,9,34,14,2x2 T,PROTECTION 03 PASS 52,PASS,Non-QB,41,ORCAS,87,WR2,FALSE,FALSE,COMPLETE
65,1,10,81,3,2x2,RUN 01,RUN,Mikey Thomas,-10,MELONHEADS,5,RB,FALSE,FALSE,NA
66,2,7,9,6,4x1,RUN 03 WR1 RT,RUN,Dante Robinson,-39,PIGSKINS,19,WR1,FALSE,FALSE,NA
67,2,6,72,0,1x3,PROTECTION 03 PASS 32,PASS,Mikey Thomas,1,PONIES,NA,NA,FALSE,FALSE,INCOMPLETE
68,2,9,20,3,2x2,RUN 03 RT,RUN,Mikey Thomas,-21,ARMADILLOS,12,Q,FALSE,FALSE,NA
69,1,5,5,-1,2x2,RUN 03 LT,RUN,Mikey Thomas,27,ORCAS,5,RB,FALSE,FALSE,NA
70,3,9,74,3,2x1,PROTECTION 03 PASS 32,PASS,Mikey Thomas,0,HORNETS,5,RB,FALSE,FALSE,COMPLETE
71,1,10,91,-9,2x2,RUN 05 RT,PASS,Mikey Thomas,0,ROCKETS,NA,NA,TRUE,FALSE,SACK
72,3,2,42,0,2x1,PROTECTION 03 PASS 64 WR2 ROUTE 01 WR4 ROUTE 01,PASS,Mikey Thomas,-10,MELONHEADS,3,WR3,FALSE,TRUE,INTERCEPTION
73,2,10,75,18,2x2,RUN 05 LT,RUN,Mikey Thomas,-23,ROCKETS,5,RB,FALSE,FALSE,NA
74,3,5,72,0,3x1,PROTECTION 03 PASS 64 WR2 ROUTE 01 RB ROUTE 01,PASS,Mikey Thomas,-19,WOMBATS,82,WR2,FALSE,FALSE,INCOMPLETE
75,2,15,80,-1,2x2,RPO 01 RUN 04 LT,RUN,Mikey Thomas,-29,PONIES,5,RB,FALSE,FALSE,NA
76,2,6,67,2,2x2 T,PROTECTION 03 PASS 46 LT,PASS,Mikey Thomas,-6,PIGSKINS,3,WR3,FALSE,FALSE,COMPLETE
77,2,23,72,-5,2x3,PROTECTION 03 PASS 06 PASS 64 RT,PASS,Mikey Thomas,-9,FISHES,NA,NA,FALSE,FALSE,SACK
78,4,2,57,0,2x3,PROTECTION 03 PASS 64 WR1 ROUTE 12,PASS,Mikey Thomas,-10,MELONHEADS,19,WR1,FALSE,FALSE,INCOMPLETE
79,2,10,75,0,2x3,PROTECTION 03 PASS 25 RT,PASS,Mikey Thomas,-26,WOMBATS,18,WR2,FALSE,FALSE,INCOMPLETE
80,2,5,32,10,1x2,PROTECTION 03 PASS 25 LT,PASS,Mikey Thomas,-23,ROCKETS,9,WR4,FALSE,FALSE,COMPLETE
81,1,10,89,1,3x1,RUN 05 RT WR4 ROUTE 03,PASS,Mikey Thomas,-14,HORNETS,9,WR4,FALSE,FALSE,COMPLETE
82,1,10,44,-2,1x3 T,RPO 01 RUN 02,RUN,Mikey Thomas,0,WOMBATS,5,RB,FALSE,FALSE,NA
83,3,9,55,16,1x2,PROTECTION 03 PASS 32,PASS,Mikey Thomas,0,WOMBATS,12,Q,FALSE,FALSE,SCRAMBLE
84,1,1,1,0,2x2 T,PROTECTION 03 PASS 52,PASS,Mikey Thomas,19,BOMBERS,82,WR2,FALSE,TRUE,INTERCEPTION
85,2,5,70,7,2x2,PASS 33 LT,PASS,Pablo Sanchez,-41,ROCKETS,84,WR2,FALSE,FALSE,COMPLETE
86,2,12,13,-3,2x1,PROTECTION 01 PASS 35 WR4 LT,PASS,Pablo Sanchez,-42,HORNETS,9,WR4,FALSE,FALSE,COMPLETE
87,3,10,56,-5,2x2,PROTECTION 03 PASS 64 WR1 ROUTE 13,PASS,Mikey Thomas,-13,MELONHEADS,NA,NA,FALSE,FALSE,SACK
88,1,15,75,0,3x1,PROTECTION 03 PASS 24 PASS 60,PASS,Mikey Thomas,-12,WOMBATS,9,WR4,FALSE,FALSE,INCOMPLETE
89,2,3,62,13,3x1,PROTECTION 03 PASS 64 WR3 ROUTE 12,PASS,Mikey Thomas,-17,MELONHEADS,3,WR3,FALSE,FALSE,COMPLETE
90,1,10,63,0,2x2 T,PROTECTION 03 PASS 46 LT,PASS,Pablo Sanchez,-27,PIGSKINS,19,WR1,FALSE,FALSE,INCOMPLETE
91,1,10,47,0,2x2 T,PASS 35 WR4 LT,PASS,Mikey Thomas,-5,PONIES,9,WR4,FALSE,FALSE,INCOMPLETE
92,1,10,12,3,2x2 T,RUN 05 RT,RUN,Dante Robinson,-39,PIGSKINS,8,RB,FALSE,FALSE,NA
93,1,10,75,2,2x2,RUN 01,RUN,Mikey Thomas,-35,FROGS,5,RB,FALSE,FALSE,NA
94,1,10,38,-1,1x3,PROTECTION 03 PASS 19,PASS,Mikey Thomas,-42,HORNETS,NA,NA,FALSE,FALSE,SACK
95,2,4,54,13,3x1,RUN 08 LT,RUN,Pete Wheeler,44,BOMBERS,28,RB,FALSE,FALSE,NA
96,1,10,53,2,3x1 T,RUN 02,RUN,Mikey Thomas,13,ORCAS,24,RB,FALSE,FALSE,NA
97,1,10,50,9,1x3,PROTECTION 03 PASS 19,PASS,Mikey Thomas,-17,FISHES,3,WR3,FALSE,FALSE,COMPLETE
98,1,10,75,12,2x2 P,RUN 05 RT,RUN,Mikey Thomas,-26,PONIES,5,RB,FALSE,FALSE,NA
99,3,7,66,-4,1x3,PROTECTION 03 PASS 64 RT RB ROUTE 02,PASS,Mikey Thomas,-14,HORNETS,8,RB,FALSE,FALSE,COMPLETE
100,1,10,32,8,2x2,PASS 33,PASS,Mikey Thomas,8,BOMBERS,15,WR4,FALSE,FALSE,COMPLETE
101,1,10,56,6,3x2,PROTECTION 03 PASS 64 WR4 ROUTE 12 RB ROUTE 12,PASS,Mikey Thomas,-13,PONIES,9,WR4,FALSE,FALSE,COMPLETE
102,3,28,61,14,2x3,PROTECTION 03 PASS 25 RT,PASS,Mikey Thomas,1,PONIES,18,WR2,FALSE,FALSE,COMPLETE
103,2,1,66,24,1x3,RUN 08 LT,RUN,Mikey Thomas,0,BOMBERS,5,RB,FALSE,FALSE,NA
104,1,10,58,6,3x2,PROTECTION 03 PASS 64 WR4 ROUTE 01,PASS,Mikey Thomas,-14,MELONHEADS,12,Q,FALSE,FALSE,SCRAMBLE
105,1,10,43,1,1x3 T,PROTECTION 03 PASS 01,PASS,Mikey Thomas,-7,PIGSKINS,15,WR3,FALSE,FALSE,COMPLETE
106,2,17,66,6,2x2,RPO 01 RUN 04 LT,RUN,Mikey Thomas,-37,PONIES,28,RB,FALSE,FALSE,NA
107,4,1,64,6,3x2,RPO 01 RUN 01,RUN,Pablo Sanchez,-20,PIGSKINS,4,Q,FALSE,FALSE,NA
108,3,6,71,-6,2x1,PROTECTION 03 PASS 32,PASS,Mikey Thomas,-7,HORNETS,NA,NA,FALSE,FALSE,SACK
109,1,10,59,1,1x2,RUN 03 LT,RUN,Mikey Thomas,-21,ROCKETS,8,RB,FALSE,FALSE,NA
110,1,10,65,5,1x2 P,PASS 13 PASS 35 WR4 RT,PASS,Mikey Thomas,13,ORCAS,9,WR4,FALSE,FALSE,COMPLETE
111,3,6,20,5,1x3,PROTECTION 03 PASS 01,PASS,Mikey Thomas,-34,FROGS,3,WR3,FALSE,FALSE,COMPLETE
112,4,1,27,2,2x3,RUN 01,RUN,Mikey Thomas,-31,PONIES,12,Q,FALSE,FALSE,NA
113,1,10,64,-7,1x3,PROTECTION 03 PASS 01,PASS,Mikey Thomas,-18,FISHES,NA,NA,FALSE,FALSE,SACK
114,2,5,55,6,3x1,PROTECTION 03 PASS 01,PASS,Mikey Thomas,-6,PIGSKINS,19,WR1,FALSE,FALSE,COMPLETE
115,1,10,65,2,2x3,PROTECTION 03 PASS 26,PASS,Mikey Thomas,-65,ARMADILLOS,19,WR1,FALSE,FALSE,COMPLETE
116,1,10,17,9,3x1,RUN 05 RT WR3 ROUTE 02,PASS,Mikey Thomas,20,ORCAS,3,WR3,FALSE,FALSE,COMPLETE
117,3,6,88,2,2x2,PROTECTION 03 PASS 64 WR1 ROUTE 13,PASS,Mikey Thomas,0,FROGS,19,WR1,FALSE,FALSE,COMPLETE
118,4,2,25,-7,2x2 T,PROTECTION 03 PASS 52,PASS,Dante Robinson,-39,PIGSKINS,NA,NA,FALSE,FALSE,SACK
119,4,3,28,0,3x2 T,PROTECTION 03 PASS 26,PASS,Mikey Thomas,-13,FROGS,10,WR1,FALSE,FALSE,INCOMPLETE
120,1,25,75,19,1x2,PASS 35 RB RT,PASS,Mikey Thomas,-6,PIGSKINS,5,RB,FALSE,FALSE,COMPLETE
121,1,10,48,-3,2x2 S,RPO 01 RUN 02,RUN,Mikey Thomas,-26,WOMBATS,5,RB,FALSE,FALSE,NA
122,3,9,39,-1,2x2 T,PROTECTION 03 PASS 52 RT WR1 ROUTE 02,PASS,Mikey Thomas,0,FROGS,19,WR1,TRUE,FALSE,COMPLETE
123,2,1,21,-8,2x2,RUN 03 RT,RUN,Dante Robinson,-39,PIGSKINS,11,Q,TRUE,FALSE,NA
124,NA,NA,3,3,2x2 T,PROTECTION 03 PASS 46 RT WR3 ROUTE 10,PASS,Mikey Thomas,6,WOMBATS,15,WR1,FALSE,FALSE,COMPLETE
125,1,10,60,6,1x3,PROTECTION 03 PASS 64 RT RB ROUTE 02,PASS,Pete Wheeler,44,BOMBERS,24,RB,FALSE,FALSE,COMPLETE
126,1,10,75,38,2x1,PASS 35 WR4 LT,PASS,Mikey Thomas,-56,ARMADILLOS,9,WR4,FALSE,FALSE,COMPLETE
127,2,10,75,16,1x3,RUN 05 RT,RUN,Mikey Thomas,-37,PONIES,8,RB,FALSE,FALSE,NA
128,1,10,75,-12,3x2,PROTECTION 03 PASS 26 ROUTE 05,PASS,Mikey Thomas,-21,ROCKETS,NA,NA,TRUE,FALSE,SACK
129,2,4,4,3,1x3,RUN 03 RT,RUN,Mikey Thomas,-19,FROGS,24,RB,FALSE,FALSE,NA
130,1,10,38,1,2x2,RUN 05 LT,RUN,Mikey Thomas,-26,PONIES,8,RB,FALSE,FALSE,NA
131,2,6,88,0,2x1,RUN 03 LT,RUN,Mikey Thomas,0,FROGS,24,RB,FALSE,FALSE,NA
132,3,1,19,8,1x3,RUN 05 RT,RUN,Pete Wheeler,34,ORCAS,14,RB,FALSE,FALSE,NA
133,2,3,78,5,3x1,PASS 33 LT,PASS,Mikey Thomas,-41,ROCKETS,9,WR4,FALSE,FALSE,COMPLETE
134,4,11,70,0,2x3,PROTECTION 03 PASS 24,PASS,Mikey Thomas,-14,HORNETS,3,WR3,FALSE,FALSE,INCOMPLETE
135,3,1,66,0,3x2,PROTECTION 03 PASS 26,PASS,Mikey Thomas,0,ARMADILLOS,19,WR1,FALSE,FALSE,INCOMPLETE
136,2,4,69,13,3x2,PROTECTION 03 PASS 26 WR4 ROUTE 23,PASS,Mikey Thomas,-13,PONIES,18,WR2,FALSE,FALSE,COMPLETE
137,2,10,30,5,2x2 T,RUN 06 LT,RUN,Mikey Thomas,12,ORCAS,89,WR3,FALSE,FALSE,NA
138,2,20,85,0,2x1,PASS 35 WR4 LT,PASS,Mikey Thomas,-28,HORNETS,9,WR4,FALSE,FALSE,COMPLETE
139,1,10,15,6,3x1 T,RUN 05 LT,RUN,Mikey Thomas,14,ORCAS,6,Q,FALSE,FALSE,NA
140,3,24,96,-2,2x1,PASS 35 WR4 LT,PASS,Mikey Thomas,-3,MELONHEADS,9,WR4,FALSE,FALSE,COMPLETE
141,2,25,58,-3,2x3,PROTECTION 03 PASS 26 ROUTE 13,PASS,Mikey Thomas,1,PONIES,NA,NA,FALSE,FALSE,SACK
142,4,6,69,0,3x2,PROTECTION 03 PASS 25 RT,PASS,Mikey Thomas,-21,HORNETS,80,WR1,FALSE,TRUE,INTERCEPTION
143,1,10,75,-6,2x2 T,RUN 06 RT,RUN,Mikey Thomas,-17,FISHES,19,WR1,FALSE,FALSE,NA
144,3,5,30,5,3x1 S,RUN 05 LT,RUN,Mikey Thomas,21,BOMBERS,5,RB,FALSE,FALSE,NA
145,1,10,65,2,1x3,RUN 01,RUN,Dante Robinson,-33,PIGSKINS,8,RB,FALSE,FALSE,NA
146,2,2,30,0,1x3,PROTECTION 03 PASS 19 WR1 ROUTE 07 ROUTE 16,PASS,Mikey Thomas,1,PONIES,3,WR3,FALSE,TRUE,INTERCEPTION
147,3,3,50,2,1x3,RUN 08 RT,RUN,Mikey Thomas,21,BOMBERS,28,RB,FALSE,FALSE,NA
148,3,8,43,10,2x3,PROTECTION 03 PASS 20,PASS,Mikey Thomas,-18,FISHES,5,RB,FALSE,FALSE,COMPLETE
149,3,8,61,0,1x2,PROTECTION 03 PASS 32 WR4 ROUTE 01,PASS,Mikey Thomas,-9,ROCKETS,9,WR4,FALSE,FALSE,COMPLETE
150,1,10,40,10,1x3 T,RUN 05 RT,RUN,Mikey Thomas,0,ORCAS,5,RB,FALSE,FALSE,NA
151,1,15,66,2,2x2,RPO 01 RUN 02,RUN,Mikey Thomas,-5,WOMBATS,5,RB,FALSE,FALSE,NA
152,3,6,42,7,1x3,RUN 05 RT,RUN,Mikey Thomas,-13,FROGS,3,WR3,FALSE,FALSE,NA
153,2,11,39,0,2x2,PROTECTION 03 PASS 46 RT,PASS,Mikey Thomas,-42,HORNETS,9,WR4,FALSE,FALSE,INCOMPLETE
154,1,10,54,-2,2x2,PASS 35 RT,PASS,Mikey Thomas,14,ORCAS,5,RB,TRUE,FALSE,SACK
155,3,7,60,11,3x1 T,RUN 05 LT,RUN,Mikey Thomas,-26,PONIES,5,RB,FALSE,FALSE,NA
156,2,6,71,8,2x2 T,PROTECTION 03 PASS 52,PASS,Mikey Thomas,-26,WOMBATS,82,WR2,FALSE,FALSE,COMPLETE
157,1,10,30,14,3x1,PROTECTION 03 PASS 64 LT RB ROUTE 02,PASS,Mikey Thomas,-41,ROCKETS,15,WR3,FALSE,FALSE,COMPLETE
158,2,10,70,0,2x2 T,PROTECTION 03 PASS 46 LT,PASS,Mikey Thomas,-14,HORNETS,18,WR2,FALSE,FALSE,INCOMPLETE
159,1,10,65,0,4x1,PASS 33,PASS,Mikey Thomas,-20,FROGS,83,RB,FALSE,FALSE,INCOMPLETE
160,2,4,44,2,4x1,RUN 15 PASS 33 WR1 LT,PASS,Mikey Thomas,-10,MELONHEADS,19,WR1,FALSE,FALSE,COMPLETE
161,2,12,77,3,2x2,RUN 05 LT,PASS,Mikey Thomas,0,HORNETS,19,WR1,FALSE,FALSE,COMPLETE
162,1,10,75,0,2x1,PASS 35 WR4 LT,PASS,Mikey Thomas,-5,WOMBATS,9,WR4,FALSE,FALSE,COMPLETE
163,3,15,93,9,2x1,PROTECTION 03 PASS 32,PASS,Mikey Thomas,0,FISHES,82,WR2,FALSE,FALSE,INCOMPLETE
164,4,8,73,0,3x2,PROTECTION 03 PASS 64,PASS,Mikey Thomas,1,MELONHEADS,3,WR3,FALSE,FALSE,INCOMPLETE
165,2,2,65,9,1x3,PROTECTION 03 PASS 01,PASS,Mikey Thomas,20,ORCAS,3,WR3,FALSE,FALSE,COMPLETE
166,2,8,50,0,2x2 T,PROTECTION 03 PASS 52,PASS,Pablo Sanchez,-41,ROCKETS,84,WR2,FALSE,FALSE,INCOMPLETE
167,1,10,52,3,2x2 T,RUN 05 LT,RUN,Mikey Thomas,-36,PONIES,8,RB,FALSE,FALSE,NA
168,1,10,68,0,3x1,PROTECTION 03 PASS 64 WR1 ROUTE 22,PASS,Mikey Thomas,8,WOMBATS,19,WR1,FALSE,FALSE,INCOMPLETE
169,1,10,80,2,1x3,RUN 05 RT,RUN,Pablo Sanchez,-42,HORNETS,28,RB,FALSE,FALSE,NA
170,1,10,75,0,2x2,PROTECTION 03 PASS 25 LT,PASS,Mikey Thomas,-42,ARMADILLOS,82,WR2,FALSE,TRUE,INTERCEPTION
171,3,1,27,3,2x2 T,RUN 05 LT,RUN,Non-QB,65,BOMBERS,67,RB,FALSE,FALSE,NA
172,1,10,75,0,2x2 T,PROTECTION 03 PASS 46 RT,PASS,Mikey Thomas,-29,PONIES,3,WR3,FALSE,FALSE,INCOMPLETE
173,3,6,72,11,2x2 T,PROTECTION 03 PASS 52,PASS,Mikey Thomas,1,PONIES,18,WR2,FALSE,FALSE,COMPLETE
174,1,10,38,11,3x2,PASS 33 LT,PASS,Mikey Thomas,-10,MELONHEADS,9,WR4,FALSE,FALSE,COMPLETE
175,2,10,63,0,2x2 T,PROTECTION 03 PASS 52,PASS,Pablo Sanchez,-27,PIGSKINS,87,WR2,FALSE,FALSE,INCOMPLETE
176,2,1,10,9,JUMBO,RUN 08 WR4 RT,RUN,Pete Wheeler,51,BOMBERS,93,WR4,FALSE,FALSE,NA
177,2,10,65,10,1x2,PROTECTION 03 PASS 32,PASS,Mikey Thomas,-33,WOMBATS,82,WR2,FALSE,FALSE,COMPLETE
178,2,13,78,4,3x1,PROTECTION 03 PASS 19,PASS,Mikey Thomas,16,WOMBATS,12,Q,FALSE,FALSE,SCRAMBLE
179,2,10,90,1,2x2,RUN 08 RT,RUN,Mikey Thomas,0,FROGS,24,RB,FALSE,FALSE,NA
180,1,10,48,16,2x2 T,PROTECTION 03 PASS 46 RT,PASS,Mikey Thomas,-5,PONIES,9,WR4,FALSE,FALSE,COMPLETE
181,2,3,68,4,2x2,RUN 01,RUN,Mikey Thomas,-42,HORNETS,5,RB,FALSE,FALSE,NA
182,2,10,86,7,2x2 T,RUN 05 LT,RUN,Mikey Thomas,-56,ARMADILLOS,5,RB,FALSE,FALSE,NA
183,1,10,66,10,3x2,PROTECTION 03 PASS 64 WR1 ROUTE 12,PASS,Mikey Thomas,-20,MELONHEADS,19,WR1,FALSE,FALSE,COMPLETE
184,2,9,22,7,2x2,RUN 03 WR3 LT,RUN,Non-QB,58,BOMBERS,10,WR3,FALSE,FALSE,NA
185,3,2,22,-5,2x3,PROTECTION 03 PASS 24,PASS,Pablo Sanchez,-20,PIGSKINS,NA,NA,FALSE,FALSE,SACK
186,2,2,25,0,1x3,PROTECTION 03 PASS 64 RT RB ROUTE 02 WR1 ROUTE 03,PASS,Dante Robinson,-39,PIGSKINS,80,WR1,FALSE,FALSE,COMPLETE
187,1,10,46,0,3x1,PASS 33 LT,PASS,Pablo Sanchez,-35,HORNETS,9,WR4,FALSE,FALSE,INCOMPLETE
188,4,11,14,0,1x4,PROTECTION 03 PASS 05,PASS,Mikey Thomas,-18,FISHES,3,WR3,FALSE,FALSE,INCOMPLETE
189,1,10,20,0,2x2,RUN 03 WR1 RT,RUN,Non-QB,41,ORCAS,86,WR1,FALSE,FALSE,NA
190,1,10,63,0,2x2,RUN 05 LT,RUN,Mikey Thomas,-18,FISHES,24,RB,FALSE,FALSE,NA
191,1,10,75,-9,2x2 T,PROTECTION 03 PASS 46 RT,PASS,Mikey Thomas,-22,ROCKETS,NA,NA,FALSE,FALSE,SACK
192,1,10,68,0,2x2,PROTECTION 03 PASS 01,PASS,Mikey Thomas,0,MELONHEADS,5,RB,FALSE,FALSE,INCOMPLETE
193,2,4,52,8,1x3,RPO 01 RUN 01,RUN,Mikey Thomas,-14,MELONHEADS,8,RB,FALSE,FALSE,NA
194,2,7,18,18,3x1,RUN 01 WR4 ROUTE 03,RUN,Mikey Thomas,-5,PONIES,5,RB,FALSE,FALSE,NA
195,2,3,3,3,2x2,RUN 03 RT,RUN,Mikey Thomas,-31,PONIES,28,RB,FALSE,FALSE,NA
196,2,1,55,6,3x1,PROTECTION 03 PASS 24,PASS,Mikey Thomas,27,ORCAS,12,Q,FALSE,FALSE,SCRAMBLE
197,1,10,75,3,1x3,PASS 33 RT,PASS,Mikey Thomas,-23,ROCKETS,9,WR4,FALSE,FALSE,COMPLETE
198,1,10,65,3,4x1,PASS 33 LT,PASS,Mikey Thomas,-33,WOMBATS,9,WR4,FALSE,FALSE,COMPLETE
199,2,17,41,7,3x2,PROTECTION 03 PASS 64,PASS,Mikey Thomas,-17,MELONHEADS,19,WR1,FALSE,FALSE,COMPLETE
200,2,5,12,7,1x4,RUN 05 RT WR1 ROUTE 02,RUN,Mikey Thomas,20,ORCAS,12,Q,FALSE,FALSE,NA
201,3,10,39,2,2x2,PROTECTION 03 PASS 64 WR1 ROUTE 13,PASS,Mikey Thomas,-18,FISHES,19,WR1,FALSE,FALSE,COMPLETE
202,3,1,1,0,JUMBO,RUN 08 LT,RUN,Non-QB,-20,WOMBATS,5,RB,FALSE,FALSE,NA
203,1,1,1,0,2x2,RPO 01 RUN 10,RUN,Mikey Thomas,-20,WOMBATS,5,RB,FALSE,FALSE,NA
204,2,8,73,3,3x1,RUN 05 RT WR4 ROUTE 03,PASS,Mikey Thomas,-36,PONIES,9,WR4,FALSE,FALSE,COMPLETE
205,NA,NA,3,3,2x2 T,RUN 05 LT,RUN,Mikey Thomas,19,ORCAS,25,RB,FALSE,FALSE,NA
206,4,19,60,0,4x1,PROTECTION 03 PASS 05,PASS,Mikey Thomas,-10,MELONHEADS,15,WR3,FALSE,FALSE,INCOMPLETE
207,1,10,27,27,3x2,PROTECTION 03 PASS 20,PASS,Mikey Thomas,-10,MELONHEADS,19,WR1,FALSE,FALSE,COMPLETE
208,1,10,32,6,1x3,PROTECTION 03 PASS 64 WR3 ROUTE 12,PASS,Mikey Thomas,-42,FROGS,81,WR3,FALSE,FALSE,COMPLETE
209,3,15,16,0,1x4,PROTECTION 03 PASS 51 PASS 66 WR1,PASS,Pablo Sanchez,-42,HORNETS,18,WR2,FALSE,FALSE,INCOMPLETE
210,2,13,25,5,2x2,PROTECTION 02 PASS 35 RB LT,PASS,Mikey Thomas,-17,FISHES,5,RB,FALSE,FALSE,COMPLETE
211,1,10,49,9,2x2,RUN 08 LT,RUN,Mikey Thomas,-6,PIGSKINS,8,RB,FALSE,FALSE,NA
212,4,7,88,0,4x1,PROTECTION 03 PASS 05,PASS,Mikey Thomas,-15,ROCKETS,19,WR1,FALSE,FALSE,INCOMPLETE
213,1,10,11,-2,3x2,PROTECTION 03 PASS 64 RB ROUTE 19 WR1 ROUTE 21,PASS,Pablo Sanchez,-42,HORNETS,NA,NA,FALSE,FALSE,SACK
214,1,10,65,8,1x3,RPO 01 RUN 01,PASS,Mikey Thomas,-14,HORNETS,3,WR3,FALSE,FALSE,COMPLETE
215,4,5,72,-4,2x3,PROTECTION 03 PASS 64 WR1 ROUTE 09,PASS,Mikey Thomas,-19,WOMBATS,NA,NA,FALSE,FALSE,SACK
216,1,10,75,-1,2x2,RPO 01 RUN 11,RUN,Mikey Thomas,-6,MELONHEADS,5,RB,FALSE,FALSE,NA
217,1,10,36,6,2x2,RUN 01,RUN,Dante Robinson,65,BOMBERS,52,RB,FALSE,FALSE,NA
218,2,13,88,-8,3x2,PROTECTION 03 PASS 51 WR2,PASS,Mikey Thomas,3,WOMBATS,NA,NA,FALSE,FALSE,SACK
219,1,10,75,2,2x2 T,RUN 08 LT,RUN,Mikey Thomas,-14,ARMADILLOS,5,RB,FALSE,FALSE,NA
220,NA,NA,1,1,JUMBO,RUN 08 LT,RUN,Non-QB,-11,FISHES,5,RB,FALSE,FALSE,NA
221,3,8,44,23,2x2 T,PROTECTION 03 PASS 46 LT,PASS,Pablo Sanchez,-35,HORNETS,82,WR2,FALSE,FALSE,COMPLETE
222,NA,NA,1,1,JUMBO,RUN 08 LT,RUN,Non-QB,-14,FROGS,5,RB,FALSE,FALSE,NA
223,2,3,43,0,1x3,PROTECTION 03 PASS 01,PASS,Mikey Thomas,-19,FROGS,3,WR3,FALSE,FALSE,INCOMPLETE
224,1,10,75,7,2x2,RUN 01,RUN,Mikey Thomas,-42,HORNETS,5,RB,FALSE,FALSE,NA
225,2,10,37,2,2x2 T,RUN 06 RUN 14 RT,RUN,Mikey Thomas,-6,PIGSKINS,5,RB,FALSE,FALSE,NA
226,3,11,39,39,1x4,PROTECTION 03 PASS 51,PASS,Mikey Thomas,-42,HORNETS,18,WR1,FALSE,FALSE,COMPLETE
227,2,10,56,2,2x2,RUN 05 LT,RUN,Mikey Thomas,-7,PIGSKINS,5,RB,FALSE,FALSE,NA
228,1,10,30,17,3x2,PROTECTION 03 PASS 51 WR1,PASS,Mikey Thomas,-26,WOMBATS,19,WR1,FALSE,FALSE,COMPLETE
229,3,1,17,16,3x1,RUN 01,RUN,Mikey Thomas,-37,PONIES,12,Q,FALSE,FALSE,NA
230,1,10,32,32,2x1,RUN 01 RT WR4 ROUTE 02,RUN,Pablo Sanchez,-43,HORNETS,5,RB,FALSE,FALSE,NA
231,2,10,20,0,1x3,PROTECTION 03 PASS 64 RT RB ROUTE 02 WR1 ROUTE 07 ROUTE 16,PASS,Mikey Thomas,-19,FROGS,19,WR1,FALSE,FALSE,INCOMPLETE
232,3,11,34,0,2x3,PROTECTION 03 PASS 24,PASS,Dante Robinson,-33,PIGSKINS,15,WR3,FALSE,FALSE,INCOMPLETE
233,2,4,30,3,3x1,RUN 01,RUN,Non-QB,65,BOMBERS,42,RB,FALSE,FALSE,NA
234,4,6,49,9,3x2,PROTECTION 03 PASS 64,PASS,Mikey Thomas,-10,MELONHEADS,19,WR1,FALSE,FALSE,COMPLETE
235,1,15,31,0,1x3,PA PROTECTION 03 PASS 24 RT RB ROUTE 02,PASS,Mikey Thomas,0,WOMBATS,89,WR3,FALSE,FALSE,INCOMPLETE
236,1,25,53,7,3x2,PROTECTION 03 PASS 64 WR3 ROUTE 13,PASS,Pablo Sanchez,-42,HORNETS,15,WR3,FALSE,FALSE,COMPLETE
237,2,2,76,0,2x2,PROTECTION 03 PASS 64 WR3 ROUTE 13,PASS,Mikey Thomas,-72,ARMADILLOS,18,WR2,FALSE,TRUE,INTERCEPTION
238,1,10,87,5,4x1,RUN 05 RT WR4 ROUTE 03,PASS,Dante Robinson,-33,PIGSKINS,9,WR4,FALSE,FALSE,COMPLETE
239,2,5,73,6,3x1,RUN 05 LT,RUN,Mikey Thomas,-14,PIGSKINS,5,RB,FALSE,FALSE,NA
240,1,10,11,-3,2x2 S,RUN 08 RT,RUN,Pete Wheeler,34,ORCAS,25,RB,FALSE,FALSE,NA
241,1,10,30,9,2x2 T,RUN 06 RT,RUN,Dante Robinson,-39,PIGSKINS,80,WR1,FALSE,FALSE,NA
242,3,8,54,0,1x2,PROTECTION 03 PASS 32,PASS,Mikey Thomas,-7,PIGSKINS,87,WR2,FALSE,FALSE,INCOMPLETE
243,1,10,46,5,1x3,RUN 05 RT WR2 ROUTE 02,PASS,Non-QB,41,ORCAS,84,WR2,FALSE,FALSE,COMPLETE
244,2,17,89,-7,2x3,PROTECTION 03 PASS 64,PASS,Mikey Thomas,-3,MELONHEADS,NA,NA,FALSE,FALSE,SACK
245,1,10,16,2,3x1 S,RUN 05 RT WR3 ROUTE 03,PASS,Mikey Thomas,19,BOMBERS,89,WR3,FALSE,FALSE,COMPLETE
246,1,10,46,8,4x1,PASS 33 LT,PASS,Mikey Thomas,12,ORCAS,15,WR4,FALSE,FALSE,COMPLETE
247,3,5,70,1,1x3 T,RUN 05 RT,RUN,Mikey Thomas,-6,PONIES,8,RB,TRUE,FALSE,NA
248,1,10,11,5,2x2,RUN 03 WR1 RT RB ROUTE 02,RUN,Pete Wheeler,44,BOMBERS,80,WR1,FALSE,FALSE,NA
249,2,10,75,0,1x3,PROTECTION 03 PASS 64 WR1 ROUTE 11 WR4 ROUTE 11,PASS,Mikey Thomas,-6,FROGS,19,WR1,FALSE,FALSE,INCOMPLETE
250,1,1,1,1,2x2 T,PROTECTION 03 PASS 52,PASS,Mikey Thomas,-37,PONIES,15,WR3,FALSE,FALSE,COMPLETE
251,3,10,19,0,4x1,PROTECTION 03 PASS 05,PASS,Mikey Thomas,-42,FROGS,80,WR1,FALSE,FALSE,INCOMPLETE
252,1,10,56,56,2x2,RPO 01 RUN 02,RUN,Mikey Thomas,16,WOMBATS,5,RB,FALSE,FALSE,NA
253,4,7,58,0,2x3,PROTECTION 03 PASS 24,PASS,Mikey Thomas,-35,FROGS,10,WR1,FALSE,TRUE,INTERCEPTION
254,2,2,57,0,3x1,PROTECTION 03 PASS 64 RT RB ROUTE 02 ROUTE 05 WR1 ROUTE 16,PASS,Mikey Thomas,-10,MELONHEADS,19,WR1,FALSE,FALSE,INCOMPLETE
255,1,10,76,-4,3x2,PROTECTION 03 PASS 64,PASS,Mikey Thomas,-10,MELONHEADS,NA,NA,FALSE,FALSE,SACK
256,3,3,68,-5,1x3,RUN 05 RT,RUN,Mikey Thomas,1,MELONHEADS,8,RB,FALSE,FALSE,NA
257,1,10,75,10,2x1,RUN 05 LT,RUN,Mikey Thomas,-10,FISHES,10,WR4,FALSE,FALSE,NA
258,2,1,1,1,2x2 T,PROTECTION 03 PASS 52,PASS,Mikey Thomas,0,ORCAS,82,WR2,FALSE,FALSE,COMPLETE
259,1,10,43,4,1x2,RUN 03 LT WR4 ROUTE 02,RUN,Mikey Thomas,-20,MELONHEADS,5,RB,FALSE,FALSE,NA
260,2,7,72,6,3x1,PROTECTION 03 PASS 24 WR1 ROUTE 07 WR2 ROUTE 25 WR3 ROUTE 25,PASS,Mikey Thomas,-34,FROGS,9,WR4,FALSE,FALSE,COMPLETE
261,4,15,60,0,2x1,PROTECTION 03 PASS 64 WR4 ROUTE 09,PASS,Mikey Thomas,-33,WOMBATS,9,WR4,FALSE,FALSE,INCOMPLETE
262,2,10,75,75,3x1,PROTECTION 03 PASS 64 WR2 ROUTE 09,PASS,Mikey Thomas,-9,MELONHEADS,18,WR2,FALSE,FALSE,COMPLETE
263,NA,NA,3,0,2x3 T,PROTECTION 03 PASS 26,PASS,Mikey Thomas,13,ORCAS,19,WR1,FALSE,FALSE,INCOMPLETE
264,1,10,23,9,1x3,RPO 01 RUN 01,PASS,Mikey Thomas,-36,PONIES,3,WR3,FALSE,FALSE,COMPLETE
265,1,10,27,8,2x2,RUN 01,RUN,Mikey Thomas,-28,ARMADILLOS,5,RB,FALSE,FALSE,NA
266,1,10,57,-7,2x2 T,RUN 06 RT,RUN,Mikey Thomas,-27,FROGS,19,WR1,FALSE,FALSE,NA
267,4,32,32,0,4x1,PROTECTION 03 PASS 05,PASS,Mikey Thomas,0,WOMBATS,82,WR2,FALSE,TRUE,INTERCEPTION
268,1,10,75,2,2x2,RUN 05 RUN 15 WR3 RT,RUN,Mikey Thomas,-28,ROCKETS,3,WR3,TRUE,FALSE,NA
269,2,9,12,12,JUMBO,RUN 05 RT,RUN,Non-QB,-36,PONIES,5,RB,FALSE,FALSE,NA
270,2,16,79,15,2x2,PROTECTION 03 PASS 25 LT RB ROUTE 12,PASS,Mikey Thomas,-14,ROCKETS,19,WR1,FALSE,FALSE,COMPLETE
271,1,10,22,22,2x2 T,RUN 06 LT,RUN,Mikey Thomas,-23,ROCKETS,3,WR3,FALSE,FALSE,NA
272,3,10,55,0,3x1,PROTECTION 03 PASS 64 RT RB ROUTE 02 WR1 ROUTE 22,PASS,Mikey Thomas,-33,WOMBATS,19,WR1,FALSE,FALSE,INCOMPLETE
273,2,20,79,79,4x1,PROTECTION 03 PASS 51 WR1,PASS,Mikey Thomas,7,ORCAS,19,WR1,FALSE,FALSE,COMPLETE
274,4,8,61,29,2x3,PROTECTION 03 PASS 51 WR1,PASS,Mikey Thomas,-9,ROCKETS,19,WR1,FALSE,FALSE,COMPLETE
275,3,10,12,12,1x4,PA PROTECTION 03 PASS 24 RT WR1 ROUTE 02,PASS,Mikey Thomas,-20,MELONHEADS,15,WR3,FALSE,FALSE,COMPLETE
276,2,20,85,0,3x2,PROTECTION 03 PASS 26,PASS,Mikey Thomas,-19,WOMBATS,19,WR1,FALSE,FALSE,INCOMPLETE
277,4,7,27,0,2x3,PROTECTION 03 PASS 24,PASS,Pablo Sanchez,-20,PIGSKINS,3,WR3,FALSE,FALSE,INCOMPLETE
278,NA,NA,3,0,2x2 T,PROTECTION 03 PASS 46 LT,PASS,Mikey Thomas,-11,MELONHEADS,18,WR2,FALSE,FALSE,INCOMPLETE
279,1,10,63,20,3x1 T,RUN 05 RT,RUN,Mikey Thomas,1,PONIES,28,RB,FALSE,FALSE,NA
280,1,10,32,7,2x2,PROTECTION 03 PASS 64 WR3 ROUTE 13,PASS,Dante Robinson,-35,FROGS,10,WR3,FALSE,FALSE,COMPLETE
281,1,10,51,-2,1x3 T,RUN 05 RT,RUN,Mikey Thomas,44,BOMBERS,5,RB,FALSE,FALSE,NA
282,1,10,77,5,1x3,RPO 01 RUN 03 RT,PASS,Mikey Thomas,-19,WOMBATS,3,WR3,FALSE,FALSE,COMPLETE
283,3,10,63,-10,1x3,PASS 35 RB LT,PASS,Dante Robinson,-27,PIGSKINS,NA,NA,TRUE,FALSE,SACK
284,1,10,67,5,2x2 S,RUN 02,RUN,Mikey Thomas,-14,PIGSKINS,8,RB,FALSE,FALSE,NA
285,1,10,75,0,2x2,RUN 05 RT,PASS,Mikey Thomas,-23,ROCKETS,3,WR3,FALSE,FALSE,INCOMPLETE
286,2,11,76,-6,1x3,PROTECTION 03 PASS 19 LT RB ROUTE 02,PASS,Mikey Thomas,-6,MELONHEADS,NA,NA,FALSE,FALSE,SACK
287,1,10,18,0,2x3,PROTECTION 03 PASS 20,PASS,Dante Robinson,-35,ROCKETS,10,WR3,FALSE,FALSE,INCOMPLETE
288,1,10,33,1,2x2 S,RPO 01 RUN 11,RUN,Mikey Thomas,-18,FISHES,24,RB,FALSE,FALSE,NA
289,3,10,75,10,4x1,PA PROTECTION 03 PASS 24 LT WR1 ROUTE 02,PASS,Mikey Thomas,-20,FROGS,12,Q,FALSE,FALSE,SCRAMBLE
290,2,9,19,0,2x2 T,PROTECTION 03 PASS 46 LT,PASS,Mikey Thomas,-3,FISHES,18,WR2,FALSE,FALSE,INCOMPLETE
291,4,6,71,-2,1x3,PROTECTION 03 PASS 05 PASS 59,PASS,Mikey Thomas,0,HORNETS,NA,NA,FALSE,FALSE,SACK
292,2,5,82,17,1x3,RUN 03 RT,RUN,Dante Robinson,-33,PIGSKINS,5,RB,FALSE,FALSE,NA
293,1,10,25,21,2x3,PROTECTION 03 PASS 64 ROUTE 05 RB ROUTE 07,PASS,Mikey Thomas,-31,PONIES,19,WR1,FALSE,FALSE,COMPLETE
294,1,10,75,6,3x2,PROTECTION 03 PASS 01,PASS,Mikey Thomas,-13,PONIES,19,WR1,FALSE,FALSE,COMPLETE
295,3,10,20,10,3x2,PROTECTION 03 PASS 64 WR3 ROUTE 11,PASS,Mikey Thomas,-19,FROGS,3,WR3,FALSE,FALSE,COMPLETE
296,3,3,78,9,1x3,RUN 05 RT,RUN,Mikey Thomas,-3,FISHES,5,RB,FALSE,FALSE,NA
297,2,4,35,-3,1x3,PROTECTION 03 PASS 64 RT RB ROUTE 02 WR1 ROUTE 22,PASS,Mikey Thomas,-20,FROGS,24,RB,FALSE,FALSE,COMPLETE
298,2,22,87,3,2x3,PROTECTION 03 PASS 25 LT,PASS,Mikey Thomas,-21,ROCKETS,19,WR1,FALSE,FALSE,COMPLETE
299,2,9,47,7,2x2 T,RUN 06 LT,RUN,Pete Wheeler,34,ORCAS,10,WR3,FALSE,FALSE,NA
300,1,10,62,0,2x2,PROTECTION 03 PASS 51 WR3 WR4 ROUTE 12,PASS,Mikey Thomas,6,ORCAS,89,WR3,FALSE,FALSE,INCOMPLETE
301,1,10,64,5,3x1,RUN 01,RUN,Mikey Thomas,-20,FROGS,5,RB,FALSE,FALSE,NA
302,1,1,1,1,2x2 T,RUN 06 RB RT,RUN,Pete Wheeler,51,BOMBERS,25,RB,FALSE,FALSE,NA
303,3,16,70,0,2x3,PROTECTION 03 PASS 20 WR3 ROUTE 26,PASS,Mikey Thomas,-14,HORNETS,19,WR1,FALSE,TRUE,INTERCEPTION
304,3,8,8,8,3x1,RUN 01,RUN,Mikey Thomas,-42,FROGS,14,RB,FALSE,FALSE,NA
305,3,13,27,2,2x2,PASS 33 LT,PASS,Dante Robinson,65,BOMBERS,84,WR2,FALSE,FALSE,COMPLETE
306,1,10,75,5,2x2 T,RUN 06 LT,RUN,Mikey Thomas,-41,ROCKETS,15,WR3,FALSE,FALSE,NA
307,3,9,89,8,3x1,PROTECTION 03 PASS 64 WR4 ROUTE 11,PASS,Mikey Thomas,0,FROGS,9,WR4,FALSE,FALSE,COMPLETE
308,4,2,40,10,2x2 T,PROTECTION 03 PASS 46 RT,PASS,Mikey Thomas,-26,WOMBATS,9,WR4,FALSE,FALSE,COMPLETE
309,1,10,10,6,3x2,PASS 33 LT,PASS,Mikey Thomas,-19,FROGS,9,WR4,FALSE,FALSE,COMPLETE
310,1,10,37,-2,2x2,RUN 02,RUN,Mikey Thomas,-56,ARMADILLOS,6,Q,FALSE,FALSE,NA
311,1,10,64,6,1x3,RUN 05 RT,RUN,Mikey Thomas,-18,FISHES,5,RB,FALSE,FALSE,NA
312,1,10,75,-2,3x1,PROTECTION 03 PASS 05,PASS,Mikey Thomas,0,HORNETS,NA,NA,FALSE,FALSE,SACK
313,4,12,33,16,4x1,PROTECTION 03 PASS 05,PASS,Mikey Thomas,20,ORCAS,9,WR4,FALSE,FALSE,COMPLETE
314,1,10,66,10,3x1,PROTECTION 03 PASS 64 LT RB ROUTE 02,PASS,Mikey Thomas,-13,MELONHEADS,12,Q,FALSE,FALSE,SCRAMBLE
315,3,7,46,8,1x3,PROTECTION 03 PASS 01,PASS,Mikey Thomas,-26,PONIES,12,Q,FALSE,FALSE,SCRAMBLE
316,2,5,8,-8,2x2 T,PROTECTION 03 PASS 52,PASS,Mikey Thomas,-18,FISHES,NA,NA,FALSE,FALSE,SACK
317,3,3,68,3,2x3,RUN 03 RT,RUN,Mikey Thomas,-65,ARMADILLOS,12,Q,FALSE,FALSE,NA
318,1,10,12,0,2x2,RUN 03 RB RT,RUN,Pete Wheeler,41,ORCAS,28,RB,FALSE,FALSE,NA
319,1,10,75,5,2x2,RUN 08 LT,RUN,Pablo Sanchez,-41,ROCKETS,14,RB,FALSE,FALSE,NA
320,1,10,75,-3,2x2 S P,RPO 01 RUN 03 LT,RUN,Mikey Thomas,16,WOMBATS,5,RB,FALSE,FALSE,NA
321,2,10,42,11,JUMBO,RUN 08 LT,RUN,Pete Wheeler,28,BOMBERS,5,RB,FALSE,FALSE,NA
322,2,10,30,8,2x1,PROTECTION 03 PASS 32,PASS,Pablo Sanchez,-20,PIGSKINS,5,RB,FALSE,FALSE,COMPLETE
323,1,10,58,28,3x2,PROTECTION 03 PASS 20,PASS,Pablo Sanchez,-20,PIGSKINS,3,WR3,FALSE,FALSE,COMPLETE
324,1,10,56,8,2x2,RUN 03 RT,RUN,Mikey Thomas,-28,ARMADILLOS,5,RB,FALSE,FALSE,NA
325,1,10,34,4,3x1 T,RUN 05 LT,RUN,Pete Wheeler,51,BOMBERS,24,RB,FALSE,FALSE,NA
326,2,1,1,0,2x2 T,PASS 35 RB LT,PASS,Mikey Thomas,27,ORCAS,5,RB,FALSE,FALSE,INCOMPLETE
327,3,10,63,9,2x3,PROTECTION 03 PASS 26,PASS,Mikey Thomas,-10,MELONHEADS,10,WR1,FALSE,FALSE,COMPLETE
328,1,10,75,11,2x2,PROTECTION 03 PASS 64 RB ROUTE 12,PASS,Mikey Thomas,-10,MELONHEADS,3,WR3,FALSE,FALSE,COMPLETE
329,3,6,67,0,2x2,RUN 05 RT,RUN,Dante Robinson,-33,PIGSKINS,11,Q,TRUE,FALSE,NA
330,1,10,75,11,2x2,RUN 08 LT,RUN,Mikey Thomas,-18,FISHES,5,RB,FALSE,FALSE,NA
331,1,10,68,4,2x1,PROTECTION 03 PASS 32,PASS,Pablo Sanchez,-25,PONIES,14,RB,FALSE,FALSE,COMPLETE
332,1,10,40,6,2x2 T,RUN 06 LT,RUN,Dante Robinson,-39,PIGSKINS,15,WR3,FALSE,FALSE,NA
333,2,5,41,6,3x1,RUN 08 LT,RUN,Non-QB,41,ORCAS,36,RB,FALSE,FALSE,NA
334,2,10,29,3,2x2 T,RUN 06 RT,RUN,Mikey Thomas,-7,ARMADILLOS,19,WR1,FALSE,FALSE,NA
335,1,10,21,10,2x2,RUN 02,RUN,Pete Wheeler,44,BOMBERS,14,RB,FALSE,FALSE,NA
336,2,4,20,3,2x2,RPO 01 RUN 01,PASS,Mikey Thomas,-37,PONIES,15,WR3,FALSE,FALSE,COMPLETE
337,NA,NA,3,-4,JUMBO,RUN 05 WR1 RT,RUN,Non-QB,-13,FROGS,10,WR1,FALSE,FALSE,NA
338,1,10,75,12,1x3 T,RUN 05 RT,RUN,Mikey Thomas,-7,PIGSKINS,5,RB,FALSE,FALSE,NA
339,2,14,80,9,3x2,PROTECTION 03 PASS 25 RT,PASS,Mikey Thomas,-10,MELONHEADS,3,WR3,FALSE,FALSE,COMPLETE
340,2,10,75,0,3x1,PROTECTION 03 PASS 01,PASS,Mikey Thomas,-20,FROGS,NA,NA,FALSE,FALSE,SACK
341,1,10,69,1,2x2,RUN 01,RUN,Non-QB,-39,PIGSKINS,2,Q,FALSE,FALSE,NA
342,2,10,21,14,3x1,PROTECTION 03 PASS 51 WR1,PASS,Mikey Thomas,0,WOMBATS,19,WR1,FALSE,FALSE,COMPLETE
343,3,6,77,18,1x2 P,PROTECTION 03 PASS 32,PASS,Mikey Thomas,11,WOMBATS,82,WR2,FALSE,FALSE,COMPLETE
344,2,10,61,3,2x2 T,PROTECTION 03 PASS 52,PASS,Mikey Thomas,-35,FROGS,19,WR1,FALSE,FALSE,COMPLETE
345,1,10,71,14,3x1,PASS 35 RB LT,PASS,Mikey Thomas,21,BOMBERS,5,RB,FALSE,FALSE,COMPLETE
346,1,10,75,10,3x1,RUN 05 LT,RUN,Mikey Thomas,-34,ROCKETS,8,RB,FALSE,FALSE,NA
347,1,10,75,12,2x2,PROTECTION 03 PASS 61 PASS 64,PASS,Mikey Thomas,-10,MELONHEADS,5,RB,FALSE,FALSE,COMPLETE
348,4,14,68,0,4x1,PROTECTION 03 PASS 05 WR4 ROUTE 26,PASS,Mikey Thomas,-10,MELONHEADS,3,WR3,FALSE,FALSE,INCOMPLETE
349,1,10,35,5,2x2 T,RUN 03 LT,RUN,Mikey Thomas,21,BOMBERS,5,RB,FALSE,FALSE,NA
350,1,5,65,9,2x2,RPO 01 RUN 03 LT,RUN,Mikey Thomas,0,WOMBATS,5,RB,FALSE,FALSE,NA
351,2,10,19,0,3x2,PROTECTION 03 PASS 64 WR3 ROUTE 09 WR1 ROUTE 25,PASS,Mikey Thomas,-42,FROGS,10,WR1,FALSE,FALSE,INCOMPLETE
352,3,16,92,-4,3x2,PROTECTION 03 PASS 20,PASS,Mikey Thomas,-14,ARMADILLOS,NA,NA,FALSE,FALSE,SACK
353,NA,NA,3,3,2x2 T,PROTECTION 03 PASS 52,PASS,Mikey Thomas,18,ORCAS,15,WR4,FALSE,FALSE,COMPLETE
354,2,13,78,17,2x2 T,PROTECTION 03 PASS 52,PASS,Pablo Sanchez,-42,HORNETS,84,WR2,FALSE,FALSE,COMPLETE
355,2,7,60,0,2x1,PROTECTION 03 PASS 32,PASS,Mikey Thomas,-26,PONIES,NA,NA,FALSE,FALSE,INCOMPLETE
356,2,11,54,28,3x1,PROTECTION 03 PASS 64 WR2 ROUTE 17 WR3 ROUTE 25,PASS,Mikey Thomas,-20,WOMBATS,3,WR3,FALSE,FALSE,COMPLETE
357,3,8,51,2,3x2,PROTECTION 03 PASS 64 WR3 ROUTE 25,PASS,Mikey Thomas,-14,HORNETS,19,WR1,FALSE,FALSE,COMPLETE
358,3,10,36,3,2x2 T,PASS 35 RB MDL,PASS,Mikey Thomas,20,ORCAS,5,RB,FALSE,FALSE,COMPLETE
359,3,1,56,-5,1x3,PROTECTION 03 PASS 64 RT RB ROUTE 02,PASS,Dante Robinson,-33,PIGSKINS,NA,NA,FALSE,FALSE,SACK
360,NA,NA,3,3,2x2,RUN 05 RT,RUN,Mikey Thomas,-12,MELONHEADS,8,RB,FALSE,FALSE,NA
361,2,10,22,9,2x2 T,RUN 05 RT,RUN,Mikey Thomas,-18,FISHES,24,RB,FALSE,FALSE,NA
362,3,24,89,10,1x2,PROTECTION 03 PASS 05 PASS 30,PASS,Mikey Thomas,-28,HORNETS,12,Q,FALSE,FALSE,SCRAMBLE
363,1,10,21,3,2x2 T,RUN 06 RT,RUN,Mikey Thomas,-5,PONIES,19,WR1,FALSE,FALSE,NA
364,2,10,46,2,2x2,RUN 01,RUN,Pablo Sanchez,-35,HORNETS,8,RB,FALSE,FALSE,NA
365,2,10,29,0,2x2 T,PROTECTION 03 PASS 46 RT,PASS,Mikey Thomas,13,ORCAS,3,WR3,FALSE,FALSE,INCOMPLETE
366,1,10,56,13,1x2,PROTECTION 03 PASS 64 WR2 ROUTE 01 WR4 ROUTE 01,PASS,Mikey Thomas,-20,MELONHEADS,9,WR4,FALSE,FALSE,COMPLETE
367,1,10,42,17,2x3,PROTECTION 03 PASS 26,PASS,Mikey Thomas,0,BOMBERS,19,WR1,FALSE,FALSE,COMPLETE
368,1,10,40,8,1x3,RUN 08 LT,RUN,Mikey Thomas,27,ORCAS,5,RB,FALSE,FALSE,NA
369,2,5,72,0,3x2,PROTECTION 03 PASS 20,PASS,Mikey Thomas,-19,WOMBATS,19,WR1,FALSE,FALSE,INCOMPLETE
370,1,10,72,11,2x3,PASS 26 PASS 35 WR1 MDL,PASS,Mikey Thomas,-35,FROGS,19,WR1,FALSE,FALSE,COMPLETE
371,4,1,14,1,JUMBO,RUN 01,RUN,Non-QB,-36,PONIES,5,RB,FALSE,FALSE,NA
372,3,16,29,-9,3x1,PROTECTION 03 PASS 64 WR1 ROUTE 22,PASS,Mikey Thomas,-7,PIGSKINS,NA,NA,FALSE,FALSE,SACK
373,2,1,50,50,1x3,PROTECTION 03 PASS 24 RT WR3 ROUTE 02,PASS,Mikey Thomas,-18,MELONHEADS,18,WR2,FALSE,FALSE,COMPLETE
374,1,10,61,8,1x3,PASS 19 PASS 35 RB RT,PASS,Mikey Thomas,-17,FISHES,5,RB,FALSE,FALSE,COMPLETE
375,2,7,23,12,3x1,PROTECTION 03 PASS 24 LT RB ROUTE 02 WR1 ROUTE 07 ROUTE 16,PASS,Mikey Thomas,-20,WOMBATS,19,WR1,FALSE,FALSE,COMPLETE
376,3,28,77,0,2x3,PROTECTION 03 PASS 64,PASS,Mikey Thomas,-9,FISHES,9,WR4,FALSE,TRUE,INTERCEPTION
377,1,10,20,1,2x2 T,RPO 01 RUN 02,RUN,Mikey Thomas,-3,FISHES,5,RB,FALSE,FALSE,NA
378,1,10,71,4,2x2 T,RUN 06 RT,RUN,Mikey Thomas,-6,PIGSKINS,19,WR1,FALSE,FALSE,NA
379,2,6,49,0,2x2,PROTECTION 03 PASS 64 LT RB ROUTE 02 WR1 ROUTE 13,PASS,Mikey Thomas,-10,MELONHEADS,19,WR1,FALSE,FALSE,INCOMPLETE
380,NA,NA,3,3,JUMBO,RUN 08 RT,RUN,Non-QB,-1,PONIES,5,RB,FALSE,FALSE,NA
381,2,10,47,4,2x2,RUN 03 RT WR1 ROUTE 16,RUN,Mikey Thomas,-41,ROCKETS,8,RB,FALSE,FALSE,NA
382,2,15,37,8,2x2,PROTECTION 03 PASS 25 LT,PASS,Mikey Thomas,-9,ROCKETS,19,WR1,FALSE,FALSE,COMPLETE
383,1,10,23,1,2x2,RUN 01,RUN,Non-QB,58,BOMBERS,77,RB,FALSE,FALSE,NA
384,1,10,16,11,2x2 T,PROTECTION 03 PASS 52,PASS,Mikey Thomas,27,ORCAS,85,WR2,FALSE,FALSE,COMPLETE
385,2,10,46,4,2x1,PROTECTION 03 PASS 32 WR4 ROUTE 01,PASS,Mikey Thomas,-13,FROGS,5,RB,FALSE,FALSE,COMPLETE
386,3,2,40,0,1x2,PROTECTION 03 PASS 32,PASS,Pete Wheeler,34,ORCAS,14,RB,FALSE,FALSE,INCOMPLETE
387,2,19,84,6,2x2,RUN 02,RUN,Mikey Thomas,-22,ROCKETS,8,RB,FALSE,FALSE,NA
388,1,10,92,0,1x3,PROTECTION 03 PASS 61 PASS 64,PASS,Mikey Thomas,-17,FISHES,9,WR4,FALSE,FALSE,INCOMPLETE
389,2,9,70,3,2x1,PROTECTION 03 PASS 32,PASS,Dante Robinson,-33,PIGSKINS,11,Q,FALSE,FALSE,SCRAMBLE
390,1,10,29,0,1x4,PROTECTION 03 PASS 05,PASS,Mikey Thomas,13,ORCAS,3,WR3,FALSE,FALSE,INCOMPLETE
391,1,10,10,6,2x2 T,RUN 05 LT,RUN,Mikey Thomas,-14,MELONHEADS,8,RB,FALSE,FALSE,NA
392,3,3,49,12,3x2,PROTECTION 03 PASS 64 WR1 ROUTE 12,PASS,Mikey Thomas,-13,PONIES,19,WR1,FALSE,FALSE,COMPLETE
393,2,10,11,0,2x3,PROTECTION 03 PASS 24 ROUTE 07,PASS,Mikey Thomas,-34,FROGS,3,WR3,FALSE,FALSE,INCOMPLETE
394,1,10,19,9,JUMBO,RUN 08 RB RT,RUN,Pete Wheeler,51,BOMBERS,28,RB,FALSE,FALSE,NA
395,4,1,64,0,3x2,PROTECTION 03 PASS 51 WR1,PASS,Mikey Thomas,-14,ROCKETS,NA,NA,FALSE,FALSE,INCOMPLETE
396,1,10,75,-1,2x2,RPO 01 RUN 01,PASS,Mikey Thomas,-13,MELONHEADS,19,WR1,FALSE,FALSE,COMPLETE
397,4,1,56,0,2x1,PROTECTION 03 PASS 32 WR4 ROUTE 01,PASS,Mikey Thomas,-65,ARMADILLOS,36,RB,FALSE,FALSE,INCOMPLETE
398,1,10,41,14,2x2,RUN 01,RUN,Mikey Thomas,-28,ARMADILLOS,5,RB,FALSE,FALSE,NA
399,2,3,3,2,1x4,PROTECTION 03 PASS 64 WR3 ROUTE 01,PASS,Mikey Thomas,19,BOMBERS,89,WR3,FALSE,FALSE,COMPLETE
400,3,5,70,-5,2x1,PROTECTION 03 PASS 32,PASS,Mikey Thomas,1,PONIES,NA,NA,FALSE,FALSE,SACK
401,3,12,82,18,1x4,PROTECTION 03 PASS 05,PASS,Mikey Thomas,-18,FISHES,19,WR1,FALSE,FALSE,COMPLETE
402,1,10,12,0,2x2 T,RUN 06 RUN 15 WR3 RT,RUN,Mikey Thomas,-20,MELONHEADS,15,WR3,FALSE,FALSE,NA
403,3,8,73,20,1x2,PROTECTION 03 PASS 32 WR3 ROUTE 07 WR4 ROUTE 21,PASS,Mikey Thomas,-21,ARMADILLOS,9,WR4,FALSE,FALSE,COMPLETE
404,3,10,25,25,3x2,PROTECTION 03 PASS 20,PASS,Mikey Thomas,0,BOMBERS,3,WR3,FALSE,FALSE,COMPLETE
405,1,10,64,2,2x2,RUN 03 LT,RUN,Mikey Thomas,-21,ARMADILLOS,6,Q,FALSE,FALSE,NA
406,2,10,80,10,2x1,PROTECTION 03 PASS 32,PASS,Mikey Thomas,19,BOMBERS,82,WR2,FALSE,FALSE,COMPLETE
407,1,15,28,0,1x3,PROTECTION 03 PASS 19 RT RB ROUTE 02,PASS,Mikey Thomas,-7,PIGSKINS,15,WR3,FALSE,FALSE,INCOMPLETE
408,1,10,75,6,2x1,PROTECTION 03 PASS 32 WR4 ROUTE 01,PASS,Mikey Thomas,0,ARMADILLOS,5,RB,FALSE,FALSE,COMPLETE
409,2,21,81,0,1x3,PROTECTION 03 PASS 64,PASS,Mikey Thomas,-6,PIGSKINS,3,WR3,FALSE,TRUE,INTERCEPTION
410,1,7,7,7,2x2 T,RUN 06 RT,RUN,Mikey Thomas,-33,WOMBATS,19,WR1,FALSE,FALSE,NA
411,1,10,20,0,1x3,PROTECTION 03 PASS 19,PASS,Mikey Thomas,-19,FROGS,NA,NA,FALSE,FALSE,INCOMPLETE
412,1,10,75,4,2x3,PROTECTION 03 PASS 64 WR3 ROUTE 01,PASS,Mikey Thomas,30,BOMBERS,3,WR3,FALSE,FALSE,COMPLETE
413,4,5,84,14,3x2,PROTECTION 03 PASS 26,PASS,Mikey Thomas,-14,HORNETS,19,WR1,FALSE,FALSE,COMPLETE
414,2,2,26,-4,1x2,RUN 08 LT,RUN,Mikey Thomas,-14,HORNETS,8,RB,FALSE,FALSE,NA
415,2,12,70,0,3x1,PROTECTION 03 PASS 64 WR2 ROUTE 11,PASS,Mikey Thomas,-10,MELONHEADS,3,WR3,FALSE,TRUE,INTERCEPTION
416,2,2,57,7,1x2,PROTECTION 03 PASS 01,PASS,Mikey Thomas,-42,FROGS,10,WR1,FALSE,FALSE,COMPLETE
417,1,10,65,0,2x2 T,PASS 35 PASS 53 WR4 LT,PASS,Mikey Thomas,-33,WOMBATS,NA,NA,FALSE,FALSE,INCOMPLETE
418,1,10,24,-6,2x2 S,RUN 05 LT WR3 ROUTE 03,RUN,Non-QB,65,BOMBERS,36,RB,FALSE,FALSE,NA
419,NA,NA,1,1,2x2 P,RUN 03 LT,RUN,Mikey Thomas,20,BOMBERS,24,RB,FALSE,FALSE,NA
420,1,10,57,20,1x3,PROTECTION 03 PASS 61 PASS 64 WR1 WR3 ROUTE 04,PASS,Mikey Thomas,-18,FISHES,19,WR1,FALSE,FALSE,COMPLETE
421,1,10,48,-2,1x3,RUN 05 LT WR4 ROUTE 03,PASS,Mikey Thomas,-35,FROGS,15,WR4,FALSE,FALSE,COMPLETE
422,1,10,32,-5,1x4,PROTECTION 03 PASS 51 WR1,PASS,Mikey Thomas,-9,ROCKETS,9,WR4,FALSE,FALSE,COMPLETE
423,1,10,75,-3,2x2 P,RUN 03 RT,RUN,Mikey Thomas,-36,PONIES,8,RB,FALSE,FALSE,NA
424,3,1,1,-4,2x2 T,RUN 06 LT,RUN,Mikey Thomas,19,BOMBERS,89,WR3,FALSE,FALSE,NA
425,1,1,1,1,2x2 T,RUN 06 LT,RUN,Mikey Thomas,-41,ROCKETS,15,WR3,FALSE,FALSE,NA
426,3,8,53,11,3x2,PROTECTION 03 PASS 26,PASS,Mikey Thomas,13,ORCAS,3,WR3,FALSE,FALSE,COMPLETE
427,2,10,47,-5,2x2,PROTECTION 03 PASS 64 RT RB ROUTE 02 WR3 ROUTE 13,PASS,Mikey Thomas,-5,PONIES,NA,NA,FALSE,FALSE,SACK
428,2,6,39,11,1x3,PROTECTION 03 PASS 64 WR2 ROUTE 11,PASS,Mikey Thomas,-20,MELONHEADS,18,WR2,FALSE,FALSE,COMPLETE
429,4,11,25,3,2x3,PROTECTION 03 PASS 26,PASS,Non-QB,65,BOMBERS,17,Q,FALSE,FALSE,SCRAMBLE
430,1,10,35,1,2x2 T,RUN 06 LT,RUN,Non-QB,41,ORCAS,83,WR3,FALSE,FALSE,NA
431,1,10,36,30,2x3,PROTECTION 03 PASS 20,PASS,Mikey Thomas,-7,FROGS,19,WR1,FALSE,FALSE,COMPLETE
432,4,1,62,2,2x2 S,RUN 01,RUN,Mikey Thomas,-6,PIGSKINS,5,RB,FALSE,FALSE,NA
433,2,12,34,19,1x3,PA PROTECTION 03 PASS 24,PASS,Mikey Thomas,8,BOMBERS,89,WR3,FALSE,FALSE,COMPLETE
434,2,6,42,6,3x1,PROTECTION 03 PASS 25 LT,PASS,Mikey Thomas,-7,FROGS,12,Q,FALSE,FALSE,SCRAMBLE
435,1,10,95,1,2x3,RUN 08 LT,RUN,Mikey Thomas,-3,FISHES,5,RB,FALSE,FALSE,NA
436,1,10,75,10,1x3,RUN 08 RT,RUN,Mikey Thomas,-42,FROGS,14,RB,FALSE,FALSE,NA
437,2,9,36,0,1x3,PROTECTION 03 PASS 24 WR1 ROUTE 16,PASS,Mikey Thomas,-13,PONIES,3,WR3,FALSE,TRUE,INTERCEPTION
438,1,10,33,8,1x3 S,RUN 05 LT WR3 ROUTE 03,PASS,Dante Robinson,-39,PIGSKINS,15,WR3,FALSE,FALSE,COMPLETE
439,2,10,61,23,1x2,PROTECTION 03 PASS 64 WR4 ROUTE 13,PASS,Pablo Sanchez,-42,HORNETS,9,WR4,FALSE,FALSE,COMPLETE
440,2,11,76,-5,2x2,PROTECTION 02 PASS 35 RB LT,PASS,Mikey Thomas,-20,MELONHEADS,5,RB,FALSE,FALSE,COMPLETE
441,1,10,75,13,2x1,PROTECTION 03 PASS 64 WR4 ROUTE 01,PASS,Mikey Thomas,0,PIGSKINS,3,WR3,FALSE,FALSE,COMPLETE
442,1,10,75,0,1x2,PROTECTION 03 PASS 32,PASS,Mikey Thomas,1,PONIES,NA,NA,FALSE,FALSE,INCOMPLETE
443,1,10,40,11,3x2,RUN 05 RT WR4 ROUTE 03,PASS,Mikey Thomas,13,ORCAS,9,WR4,FALSE,FALSE,COMPLETE
444,2,12,98,-2,1x2,PROTECTION 03 PASS 32 WR4 ROUTE 01,PASS,Mikey Thomas,-56,ARMADILLOS,NA,NA,FALSE,FALSE,SACK
445,1,20,69,-3,2x2,PROTECTION 03 PASS 64 RT RB ROUTE 02 WR3 ROUTE 13,PASS,Mikey Thomas,-9,FISHES,24,RB,FALSE,FALSE,COMPLETE
446,1,10,75,4,2x2,RUN 08 LT,RUN,Mikey Thomas,-7,HORNETS,5,RB,FALSE,FALSE,NA
447,1,10,35,15,3x2,PROTECTION 03 PASS 20,PASS,Mikey Thomas,-3,FISHES,3,WR3,FALSE,FALSE,COMPLETE
448,2,10,49,49,1x2,PROTECTION 03 PASS 32 WR4 ROUTE 09,PASS,Mikey Thomas,27,ORCAS,9,WR4,FALSE,FALSE,COMPLETE
449,1,10,73,4,3x1,RUN 03 RT,RUN,Mikey Thomas,-21,HORNETS,5,RB,FALSE,FALSE,NA
450,1,10,75,9,2x2,RUN 05 RT,RUN,Mikey Thomas,-19,FROGS,24,RB,FALSE,FALSE,NA
451,3,2,57,0,3x1,PROTECTION 03 PASS 19 LT RB ROUTE 02,PASS,Mikey Thomas,-10,MELONHEADS,3,WR3,FALSE,FALSE,INCOMPLETE
452,3,5,84,0,2x2 T,PROTECTION 03 PASS 52,PASS,Mikey Thomas,-14,HORNETS,18,WR2,FALSE,FALSE,INCOMPLETE
453,1,10,64,0,1x3,RUN 02,RUN,Mikey Thomas,-42,HORNETS,8,RB,FALSE,FALSE,NA
454,1,10,11,0,2x2 T,PROTECTION 03 PASS 46 RT,PASS,Mikey Thomas,-34,FROGS,9,WR4,FALSE,FALSE,INCOMPLETE
455,2,10,40,1,3x1 T,RUN 05 LT,RUN,Mikey Thomas,0,FROGS,5,RB,FALSE,FALSE,NA
456,1,10,73,12,2x2 T,PROTECTION 02 PASS 35 RB LT,PASS,Mikey Thomas,20,ORCAS,5,RB,FALSE,FALSE,COMPLETE
457,1,10,63,3,2x2 T,RUN 06 LT,RUN,Mikey Thomas,-26,PONIES,3,WR3,FALSE,FALSE,NA
458,2,15,54,3,2x2 T,RPO 01 RUN 04 LT,RUN,Mikey Thomas,-26,PONIES,5,RB,FALSE,FALSE,NA
459,2,10,75,6,1x2,PROTECTION 03 PASS 32 WR4 ROUTE 01,PASS,Mikey Thomas,-7,ARMADILLOS,9,WR4,FALSE,FALSE,COMPLETE
460,1,10,21,1,1x3,RUN 03 RT,RUN,Mikey Thomas,-21,ARMADILLOS,36,RB,FALSE,FALSE,NA
461,1,10,13,1,JUMBO,RUN 08 RT,RUN,Non-QB,-36,PONIES,2,Q,FALSE,FALSE,NA
462,3,4,58,-4,3x1,PROTECTION 03 PASS 64 LT RB ROUTE 02,PASS,Mikey Thomas,-18,FISHES,5,RB,FALSE,FALSE,COMPLETE
463,1,10,75,-3,2x2,PASS 35 RB MDL,PASS,Pablo Sanchez,-42,HORNETS,NA,NA,FALSE,FALSE,SACK
464,2,3,34,13,2x1,PROTECTION 03 PASS 32,PASS,Pete Wheeler,44,BOMBERS,84,WR2,FALSE,FALSE,COMPLETE
465,1,10,29,0,3x1 T,RUN 05 LT,RUN,Mikey Thomas,-7,ARMADILLOS,5,RB,FALSE,FALSE,NA
466,2,10,68,4,3x1,PROTECTION 03 PASS 01,PASS,Mikey Thomas,0,MELONHEADS,3,WR3,FALSE,FALSE,COMPLETE
467,3,2,61,-1,2x2 T,RUN 06 RT,RUN,Mikey Thomas,-14,MELONHEADS,19,WR1,FALSE,FALSE,NA
468,1,10,75,0,2x2,RUN 02,RUN,Mikey Thomas,-7,ARMADILLOS,5,RB,FALSE,FALSE,NA
469,2,10,15,9,2x1,RUN 03 RT,RUN,Mikey Thomas,8,BOMBERS,5,RB,FALSE,FALSE,NA
470,1,10,37,1,1x3,RPO 01 RUN 01,RUN,Mikey Thomas,-13,PONIES,28,RB,FALSE,FALSE,NA
471,2,10,92,92,3x2,PROTECTION 03 PASS 24,PASS,Mikey Thomas,-17,FISHES,19,WR1,FALSE,FALSE,COMPLETE
472,2,7,78,15,2x2,PROTECTION 03 PASS 64 WR3 ROUTE 13,PASS,Mikey Thomas,-10,MELONHEADS,3,WR3,FALSE,FALSE,COMPLETE
473,1,10,20,10,3x1,RUN 05 RT WR4 ROUTE 03,RUN,Mikey Thomas,0,PONIES,5,RB,FALSE,FALSE,NA
474,3,17,82,0,2x3,PROTECTION 03 PASS 20 PASS 25 RT,PASS,Mikey Thomas,-6,MELONHEADS,18,WR2,FALSE,FALSE,INCOMPLETE
475,1,10,56,0,2x1,PROTECTION 03 PASS 64 WR1 ROUTE 22,PASS,Mikey Thomas,-13,MELONHEADS,19,WR1,FALSE,FALSE,INCOMPLETE
476,4,3,68,0,2x3 T,PROTECTION 03 PASS 26,PASS,Mikey Thomas,-17,FISHES,19,WR1,FALSE,FALSE,INCOMPLETE
477,2,10,76,7,2x3,PROTECTION 03 PASS 26,PASS,Mikey Thomas,-18,FISHES,19,WR1,FALSE,FALSE,COMPLETE
478,2,5,59,3,3x1,PA PROTECTION 03 PASS 64 WR3 ROUTE 12 WR1 ROUTE 22,PASS,Mikey Thomas,-20,FROGS,12,Q,FALSE,FALSE,SCRAMBLE
479,1,10,62,0,2x2,RUN 05 LT WR2 ROUTE 23,PASS,Mikey Thomas,-28,HORNETS,82,WR2,FALSE,TRUE,INTERCEPTION
480,3,4,37,3,2x2,PROTECTION 03 PASS 64 RT RB ROUTE 02 WR3 ROUTE 13,PASS,Mikey Thomas,-7,PIGSKINS,5,RB,FALSE,FALSE,COMPLETE
481,2,2,57,-1,3x1,RUN 05 RUN 15 LT,RUN,Mikey Thomas,-14,HORNETS,3,WR3,FALSE,FALSE,NA
482,2,7,61,0,2x3,PASS 33 RT,PASS,Mikey Thomas,-35,FROGS,9,WR4,FALSE,TRUE,INTERCEPTION
483,1,10,65,33,2x1,PROTECTION 03 PASS 64 WR4 ROUTE 01,PASS,Pablo Sanchez,-43,HORNETS,9,WR4,FALSE,FALSE,COMPLETE
484,2,5,51,13,1x2,PROTECTION 03 PASS 01,PASS,Mikey Thomas,8,BOMBERS,89,WR3,FALSE,FALSE,COMPLETE
485,3,4,69,1,2x2,RPO 01 RUN 11,RUN,Mikey Thomas,-17,FISHES,12,Q,FALSE,FALSE,NA
486,1,10,62,0,2x2,RUN 05 RT,PASS,Mikey Thomas,0,PIGSKINS,3,WR3,FALSE,FALSE,INCOMPLETE
487,3,7,26,0,3x1,PROTECTION 03 PASS 51 PASS 66 WR1 WR4 ROUTE 04,PASS,Mikey Thomas,-7,ARMADILLOS,9,WR4,FALSE,FALSE,INCOMPLETE
488,1,10,83,11,1x2,PROTECTION 03 PASS 32 WR4 ROUTE 01,PASS,Mikey Thomas,28,BOMBERS,15,WR4,FALSE,FALSE,COMPLETE
489,1,10,22,-3,1x3,RPO 01 RUN 11,PASS,Mikey Thomas,-17,FISHES,3,WR3,FALSE,FALSE,COMPLETE
490,2,6,30,11,JUMBO,RUN 08 WR4 LT,RUN,Pete Wheeler,51,BOMBERS,93,WR4,TRUE,FALSE,NA
491,3,7,45,5,1x3 T,RUN 05 RT,RUN,Mikey Thomas,-26,WOMBATS,5,RB,FALSE,FALSE,NA
492,1,10,74,3,1x3,PROTECTION 03 PASS 64 RB ROUTE 01,PASS,Mikey Thomas,-16,FISHES,5,RB,FALSE,FALSE,COMPLETE
493,1,10,52,-1,1x3,RUN 08 LT,RUN,Mikey Thomas,-42,HORNETS,8,RB,FALSE,FALSE,NA
494,1,10,32,11,2x2 T,PROTECTION 03 PASS 52,PASS,Mikey Thomas,-5,PONIES,87,WR2,FALSE,FALSE,COMPLETE
495,4,15,93,11,4x1,PROTECTION 03 PASS 64 WR1 ROUTE 08,PASS,Mikey Thomas,0,FISHES,9,WR4,FALSE,FALSE,COMPLETE
496,4,5,5,3,2x3,PROTECTION 03 PASS 26,PASS,Mikey Thomas,19,BOMBERS,12,Q,FALSE,FALSE,SCRAMBLE
497,1,10,67,11,2x2 T,PROTECTION 03 PASS 52,PASS,Mikey Thomas,-28,ARMADILLOS,82,WR2,FALSE,FALSE,COMPLETE
498,1,10,61,0,2x2,PROTECTION 03 PASS 64 WR3 ROUTE 13,PASS,Mikey Thomas,-35,FROGS,9,WR4,FALSE,FALSE,INCOMPLETE
499,NA,NA,3,3,JUMBO,RUN 08 RT,RUN,Non-QB,-10,FISHES,5,RB,FALSE,FALSE,NA
500,1,10,75,7,2x2,PROTECTION 03 PASS 01,PASS,Mikey Thomas,-35,ARMADILLOS,9,WR4,FALSE,FALSE,COMPLETE
501,4,4,69,MISSING,2x3,PROTECTION 03 PASS 20,PASS,Mikey Thomas,-7,ARMADILLOS,12,Q,FALSE,FALSE,SCRAMBLE
502,3,15,55,MISSING,2x3,PROTECTION 03 PASS 51 WR2,PASS,Mikey Thomas,-17,FISHES,18,WR2,FALSE,FALSE,INCOMPLETE
503,1,10,60,MISSING,2x2,RUN 01 RB ROUTE 03,PASS,Mikey Thomas,1,PONIES,5,RB,FALSE,FALSE,COMPLETE
504,2,10,12,MISSING,2x2 T,PROTECTION 03 PASS 46 RT,PASS,Mikey Thomas,-20,MELONHEADS,18,WR2,FALSE,FALSE,INCOMPLETE
505,NA,NA,3,MISSING,2x2 T,PROTECTION 03 PASS 46 RT,PASS,Mikey Thomas,-31,PONIES,15,WR3,FALSE,FALSE,INCOMPLETE
506,NA,NA,3,MISSING,2x2,PROTECTION 03 PASS 46 LT,PASS,Mikey Thomas,-12,FISHES,18,WR2,FALSE,FALSE,COMPLETE
507,1,10,80,MISSING,3x1 T,RUN 05 LT,RUN,Mikey Thomas,-7,PIGSKINS,5,RB,FALSE,FALSE,NA
508,2,5,82,MISSING,2x3,PROTECTION 03 RUN 14 PASS 64 WR1,PASS,Mikey Thomas,-18,FISHES,19,WR1,FALSE,FALSE,COMPLETE
509,4,1,55,MISSING,2x2 T,RUN 06 RT,RUN,Mikey Thomas,27,ORCAS,8,WR1,FALSE,FALSE,NA
510,2,4,26,MISSING,3x2,PROTECTION 03 PASS 24 RB ROUTE 07,PASS,Mikey Thomas,-42,FROGS,12,Q,FALSE,FALSE,SCRAMBLE
511,2,1,35,MISSING,3x1,RPO 01 RUN 01,RUN,Mikey Thomas,8,BOMBERS,5,RB,FALSE,FALSE,NA
512,2,5,30,MISSING,2x1,RUN 03 LT,RUN,Mikey Thomas,-13,FROGS,12,Q,FALSE,FALSE,NA
513,1,10,52,MISSING,3x1,RUN 05 LT,RUN,Pablo Sanchez,-41,ROCKETS,14,RB,FALSE,FALSE,NA
514,4,10,75,MISSING,1x4,PROTECTION 03 PASS 05,PASS,Mikey Thomas,-26,WOMBATS,3,WR3,FALSE,FALSE,INCOMPLETE
515,1,10,59,MISSING,3x1 T P,RUN 05 LT,RUN,Mikey Thomas,-5,PONIES,5,RB,FALSE,FALSE,NA
516,2,3,68,MISSING,3x2,PROTECTION 03 PASS 64 WR3 ROUTE 25,PASS,Mikey Thomas,-65,ARMADILLOS,3,WR3,FALSE,FALSE,INCOMPLETE
517,1,10,87,MISSING,2x1,PROTECTION 03 PASS 64 WR4 ROUTE 01,PASS,Mikey Thomas,-18,FISHES,9,WR4,FALSE,FALSE,COMPLETE
518,2,8,63,MISSING,2x1,PROTECTION 03 PASS 32 WR4 ROUTE 01,PASS,Mikey Thomas,-65,ARMADILLOS,82,WR2,FALSE,FALSE,INCOMPLETE
519,3,1,66,MISSING,2x2,RPO 01 RUN 01,RUN,Mikey Thomas,-18,MELONHEADS,5,RB,FALSE,FALSE,NA
520,4,19,43,MISSING,1x2,PROTECTION 03 PASS 64 WR4 ROUTE 22 WR1 ROUTE 25,PASS,Mikey Thomas,-14,HORNETS,19,WR1,FALSE,FALSE,COMPLETE
521,1,10,69,MISSING,2x2,RPO 01 RUN 02,RUN,Mikey Thomas,-3,FISHES,5,RB,FALSE,FALSE,NA
522,3,3,58,MISSING,JUMBO,RUN 08 RT,RUN,Non-QB,-14,HORNETS,93,WR4,FALSE,FALSE,NA
523,2,16,92,MISSING,2x2 T,PROTECTION 02 PASS 35 RB LT,PASS,Mikey Thomas,-14,ARMADILLOS,5,RB,FALSE,FALSE,INCOMPLETE
524,2,3,78,MISSING,2x2 S,RPO 01 RUN 03 LT,RUN,Mikey Thomas,-3,FISHES,5,RB,FALSE,FALSE,NA
525,3,6,49,MISSING,2x2 T,PROTECTION 03 PASS 46 RT,PASS,Mikey Thomas,-10,MELONHEADS,19,WR1,FALSE,FALSE,INCOMPLETE
526,2,12,46,MISSING,3x2,PROTECTION 03 PASS 20,PASS,Mikey Thomas,0,WOMBATS,5,RB,FALSE,FALSE,COMPLETE
527,2,9,88,MISSING,2x2 T,PROTECTION 03 PASS 46 RT,PASS,Mikey Thomas,-14,HORNETS,15,WR3,FALSE,FALSE,COMPLETE
528,1,10,46,MISSING,1x3,PROTECTION 03 PASS 64 LT RB ROUTE 02 WR3 ROUTE 12,PASS,Mikey Thomas,-7,FROGS,3,WR3,FALSE,FALSE,COMPLETE
529,3,7,58,MISSING,2x2,PROTECTION 03 PASS 64 RT RB ROUTE 02 WR3 ROUTE 13,PASS,Mikey Thomas,-35,FROGS,3,WR3,FALSE,FALSE,INCOMPLETE
530,3,6,69,MISSING,3x2,PROTECTION 03 PASS 26,PASS,Mikey Thomas,-21,HORNETS,18,WR1,FALSE,FALSE,COMPLETE
531,3,3,43,MISSING,1x3,RUN 01,RUN,Mikey Thomas,-19,FROGS,5,RB,FALSE,FALSE,NA
532,1,10,76,MISSING,1x3,RPO 01 RUN 04 RT,RUN,Mikey Thomas,1,PONIES,5,RB,FALSE,FALSE,NA
533,2,10,75,MISSING,1x2,PROTECTION 03 PASS 32,PASS,Mikey Thomas,-18,MELONHEADS,12,Q,FALSE,FALSE,SCRAMBLE
534,3,12,53,MISSING,2x3,PROTECTION 03 PASS 26,PASS,Mikey Thomas,44,BOMBERS,NA,NA,FALSE,FALSE,SACK
535,1,10,78,MISSING,2x2,RUN 05 RT,RUN,Mikey Thomas,-14,PIGSKINS,5,RB,FALSE,FALSE,NA
536,2,6,55,MISSING,1x3,PROTECTION 03 PASS 64 WR1 ROUTE 22,PASS,Mikey Thomas,11,WOMBATS,9,WR4,FALSE,FALSE,INCOMPLETE
537,1,10,75,MISSING,1x3,PROTECTION 03 PASS 19 WR3 ROUTE 04,PASS,Mikey Thomas,-6,PONIES,12,Q,FALSE,FALSE,SCRAMBLE
538,1,10,61,MISSING,1x2,PROTECTION 03 PASS 32 WR4 ROUTE 01,PASS,Pablo Sanchez,-42,HORNETS,9,WR4,FALSE,FALSE,INCOMPLETE
539,3,15,15,MISSING,1x4,PROTECTION 03 PASS 05,PASS,Mikey Thomas,0,WOMBATS,12,Q,FALSE,FALSE,SCRAMBLE
540,2,10,56,MISSING,3x1,PROTECTION 03 PASS 64 WR4 ROUTE 11,PASS,Mikey Thomas,-13,MELONHEADS,9,WR4,FALSE,FALSE,INCOMPLETE
541,2,2,53,MISSING,2x2 S,RUN 02,RUN,Mikey Thomas,-17,FISHES,24,RB,FALSE,FALSE,NA
542,2,7,70,MISSING,3x1,PROTECTION 03 PASS 24,PASS,Pablo Sanchez,-20,PIGSKINS,4,Q,FALSE,FALSE,SCRAMBLE
543,NA,NA,3,MISSING,3x1 T,RUN 05 LT,RUN,Mikey Thomas,1,PONIES,5,RB,FALSE,FALSE,NA
544,1,10,47,MISSING,3x1,PASS 35 RB LT,PASS,Mikey Thomas,-41,ROCKETS,8,RB,FALSE,FALSE,INCOMPLETE
545,1,10,64,MISSING,1x3,RPO 01 RUN 01,RUN,Mikey Thomas,-10,MELONHEADS,5,RB,FALSE,FALSE,NA
546,2,18,32,MISSING,1x4,PROTECTION 03 PASS 05,PASS,Mikey Thomas,-34,FROGS,3,WR3,FALSE,FALSE,COMPLETE
547,1,10,75,MISSING,2x2,PROTECTION 03 PASS 61 PASS 64 RB,PASS,Mikey Thomas,-26,WOMBATS,82,WR2,FALSE,FALSE,INCOMPLETE
548,1,10,46,MISSING,2x2,PROTECTION 03 PASS 64 WR1 ROUTE 13,PASS,Mikey Thomas,-13,FROGS,NA,NA,FALSE,FALSE,INCOMPLETE
549,4,9,40,MISSING,2x3,PROTECTION 03 PASS 25,PASS,Mikey Thomas,-20,FROGS,18,WR2,FALSE,FALSE,COMPLETE
550,1,10,46,MISSING,2x2,RUN 08 LT,RUN,Dante Robinson,65,BOMBERS,36,RB,FALSE,FALSE,NA
551,1,10,51,MISSING,2x2,PROTECTION 03 PASS 24,PASS,Mikey Thomas,-10,MELONHEADS,NA,NA,FALSE,FALSE,INCOMPLETE
552,3,7,38,MISSING,1x4,PROTECTION 02 PASS 35 WR1 LT,PASS,Mikey Thomas,-20,FROGS,19,WR1,FALSE,FALSE,COMPLETE
553,NA,NA,3,MISSING,2x2 T,PROTECTION 03 PASS 46 LT WR1 ROUTE 10,PASS,Mikey Thomas,-20,WOMBATS,3,WR3,FALSE,TRUE,INTERCEPTION
554,1,10,64,MISSING,1x2,PROTECTION 03 PASS 32 WR4 ROUTE 01,PASS,Mikey Thomas,27,ORCAS,5,RB,FALSE,FALSE,COMPLETE
555,4,8,68,MISSING,1x2,PROTECTION 03 PASS 32,PASS,Mikey Thomas,-14,HORNETS,5,RB,FALSE,FALSE,COMPLETE
556,1,5,26,MISSING,JUMBO,RUN 08 RB LT,RUN,Pete Wheeler,28,BOMBERS,5,RB,FALSE,FALSE,NA
557,1,10,85,MISSING,2x2 S,RPO 01 RUN 02,RUN,Mikey Thomas,3,WOMBATS,5,RB,FALSE,FALSE,NA
558,1,10,75,MISSING,2x2,RUN 05 RUN 14 RT,RUN,Mikey Thomas,-20,FROGS,12,Q,FALSE,FALSE,NA
559,2,10,68,MISSING,2x1,PROTECTION 03 PASS 32 WR4 ROUTE 01,PASS,Mikey Thomas,8,WOMBATS,5,RB,FALSE,FALSE,COMPLETE
560,1,10,75,MISSING,1x2,PROTECTION 03 PASS 25 RT,PASS,Mikey Thomas,-9,ROCKETS,82,WR2,FALSE,FALSE,COMPLETE
561,1,10,91,MISSING,3x2,PROTECTION 03 RUN 14 PASS 64 WR1,PASS,Mikey Thomas,-58,ARMADILLOS,19,WR1,FALSE,TRUE,INTERCEPTION
562,3,32,32,MISSING,3x2,PROTECTION 03 PASS 25 LT,PASS,Mikey Thomas,0,WOMBATS,9,WR4,FALSE,FALSE,INCOMPLETE
563,2,10,39,MISSING,2x3,PROTECTION 03 PASS 51 WR2,PASS,Mikey Thomas,0,WOMBATS,18,WR2,FALSE,FALSE,INCOMPLETE
564,1,10,53,MISSING,2x2 T,RUN 05 LT,RUN,Mikey Thomas,-21,ARMADILLOS,5,RB,FALSE,FALSE,NA
565,4,8,66,MISSING,3x2,PROTECTION 03 PASS 24,PASS,Mikey Thomas,8,WOMBATS,19,WR1,FALSE,FALSE,COMPLETE
566,1,15,48,MISSING,3x1,RUN 05 PASS 35 WR3 RT,PASS,Mikey Thomas,1,PONIES,3,WR3,FALSE,FALSE,COMPLETE
567,1,15,53,MISSING,2x2 T,RUN 06 RT,RUN,Pete Wheeler,34,ORCAS,80,WR1,FALSE,FALSE,NA
568,3,10,39,MISSING,4x1,PROTECTION 03 PASS 05,PASS,Mikey Thomas,0,WOMBATS,3,WR3,FALSE,FALSE,INCOMPLETE
569,1,10,84,MISSING,1x3 T,RUN 08 LT,RUN,Mikey Thomas,-58,ARMADILLOS,14,RB,FALSE,FALSE,NA
570,4,3,79,MISSING,1x2,PROTECTION 03 PASS 32 WR4 ROUTE 01,PASS,Mikey Thomas,-56,ARMADILLOS,5,RB,FALSE,FALSE,COMPLETE
571,1,10,61,MISSING,2x2,RUN 01,RUN,Mikey Thomas,-13,FROGS,5,RB,FALSE,FALSE,NA
572,1,10,70,MISSING,2x1,RUN 05 RUN 15 WR4 RT,RUN,Mikey Thomas,-6,PIGSKINS,9,WR4,FALSE,FALSE,NA
573,2,7,46,MISSING,2x2 S,RUN 03 LT,RUN,Mikey Thomas,-7,ARMADILLOS,5,RB,FALSE,FALSE,NA
574,1,10,25,MISSING,1x3,PROTECTION 03 PASS 01,PASS,Mikey Thomas,21,BOMBERS,3,WR3,FALSE,FALSE,INCOMPLETE
575,2,10,33,MISSING,2x2 T,RUN 05 RT,RUN,Dante Robinson,-33,PIGSKINS,8,RB,FALSE,FALSE,NA
576,2,4,34,MISSING,2x2,RUN 02,RUN,Dante Robinson,-39,PIGSKINS,8,RB,FALSE,FALSE,NA
577,1,10,16,MISSING,2x2,RUN 02,RUN,Mikey Thomas,-41,ROCKETS,5,RB,FALSE,FALSE,NA
578,3,2,56,MISSING,3x2,PROTECTION 03 PASS 51 WR1,PASS,Mikey Thomas,-20,FROGS,19,WR1,FALSE,FALSE,COMPLETE
579,2,8,14,MISSING,3x1,PROTECTION 03 PASS 19 WR4 ROUTE 07,PASS,Mikey Thomas,19,BOMBERS,89,WR3,FALSE,FALSE,COMPLETE
580,3,13,45,MISSING,2x1,PROTECTION 03 PASS 32 ROUTE 05,PASS,Mikey Thomas,-28,HORNETS,NA,NA,FALSE,FALSE,SACK
581,2,8,58,MISSING,2x2,PROTECTION 03 PASS 25 RT,PASS,Mikey Thomas,-41,ROCKETS,15,WR3,FALSE,FALSE,COMPLETE
582,3,8,10,MISSING,2x2 T,RUN 06 LT,RUN,Pete Wheeler,41,ORCAS,89,WR3,FALSE,FALSE,NA
583,1,10,71,MISSING,2x2,RUN 03 RT,RUN,Dante Robinson,-33,PIGSKINS,5,RB,FALSE,FALSE,NA
584,2,10,12,MISSING,2x2 T,RUN 05 RT,RUN,Pete Wheeler,41,ORCAS,28,RB,FALSE,FALSE,NA
585,1,10,57,MISSING,1x2,RUN 02,RUN,Mikey Thomas,-7,FROGS,24,RB,FALSE,FALSE,NA
586,1,10,16,MISSING,1x3,RUN 03 RT,RUN,Dante Robinson,-39,PIGSKINS,8,RB,FALSE,FALSE,NA
587,1,10,59,MISSING,3x1,RPO 01 RUN 03 LT,PASS,Mikey Thomas,11,WOMBATS,89,WR3,FALSE,FALSE,COMPLETE
588,NA,NA,3,MISSING,3x1,RUN 05 RUN 15 LT,RUN,Mikey Thomas,-3,MELONHEADS,3,WR3,FALSE,FALSE,NA
589,3,10,62,MISSING,1x2,PROTECTION 03 PASS 51 WR2,PASS,Mikey Thomas,6,ORCAS,18,WR2,FALSE,FALSE,COMPLETE
590,1,10,63,MISSING,2x3,PROTECTION 03 PASS 24,PASS,Mikey Thomas,-10,MELONHEADS,13,RB,FALSE,TRUE,INTERCEPTION
591,1,10,68,MISSING,2x2,RUN 08 LT,RUN,Mikey Thomas,-10,MELONHEADS,5,RB,FALSE,FALSE,NA
592,2,10,75,MISSING,2x1,PROTECTION 03 PASS 64 WR4 ROUTE 01,PASS,Mikey Thomas,-18,MELONHEADS,5,RB,FALSE,FALSE,COMPLETE
593,2,7,62,MISSING,2x2,RPO 01 RUN 11,RUN,Mikey Thomas,-33,WOMBATS,5,RB,FALSE,FALSE,NA
594,3,3,28,MISSING,2x2 T,RPO 01 RUN 03 LT,PASS,Mikey Thomas,-13,FROGS,10,WR1,FALSE,FALSE,INCOMPLETE
595,3,6,55,MISSING,2x2,PROTECTION 03 PASS 64 WR1 ROUTE 13,PASS,Mikey Thomas,11,WOMBATS,19,WR1,FALSE,FALSE,COMPLETE
596,4,8,35,MISSING,1x3,PROTECTION 03 PASS 19 WR1 ROUTE 16,PASS,Mikey Thomas,-6,PIGSKINS,19,WR1,FALSE,FALSE,COMPLETE
597,2,17,52,MISSING,2x3,PASS 33 LT,PASS,Mikey Thomas,-18,FISHES,5,RB,FALSE,FALSE,COMPLETE
598,1,10,53,MISSING,JUMBO,RUN 08 LT,RUN,Non-QB,-14,HORNETS,5,RB,FALSE,FALSE,NA
599,1,10,34,MISSING,2x3,PROTECTION 03 PASS 20,PASS,Mikey Thomas,-16,FISHES,10,WR1,FALSE,FALSE,COMPLETE
600,1,10,49,MISSING,2x2 T,RUN 06 LT,RUN,Mikey Thomas,27,ORCAS,3,WR3,FALSE,FALSE,NA
601,1,10,11,MISSING,2x2 T,RUN 06 LT,RUN,Mikey Thomas,-20,WOMBATS,3,WR3,FALSE,FALSE,NA
602,2,11,65,MISSING,2x2,RUN 05 LT,RUN,Mikey Thomas,-5,PONIES,5,RB,FALSE,FALSE,NA
603,1,10,36,MISSING,2x1,RUN 03 RT,RUN,Mikey Thomas,-31,PONIES,28,RB,FALSE,FALSE,NA
604,2,10,62,MISSING,2x2,PROTECTION 03 PASS 05 PASS 66 WR3 ROUTE 20,PASS,Mikey Thomas,0,PIGSKINS,3,WR3,FALSE,FALSE,INCOMPLETE
605,1,10,42,MISSING,2x2,PASS 35 RB RT,PASS,Mikey Thomas,-28,HORNETS,5,RB,FALSE,FALSE,COMPLETE
606,1,10,53,MISSING,2x2,PROTECTION 02 PASS 35 RB LT,PASS,Mikey Thomas,-20,WOMBATS,5,RB,FALSE,FALSE,COMPLETE
607,1,10,91,MISSING,1x3,RUN 05 RT,RUN,Mikey Thomas,-15,ROCKETS,5,RB,FALSE,FALSE,NA
608,3,4,65,MISSING,3x1 T P,RUN 05 LT,RUN,Mikey Thomas,-6,PIGSKINS,5,RB,FALSE,FALSE,NA
609,2,5,70,MISSING,2x2,RPO 01 RUN 04 LT,PASS,Mikey Thomas,1,PONIES,19,WR1,FALSE,FALSE,INCOMPLETE
610,1,10,50,MISSING,3x1,RUN 03 LT WR4 ROUTE 02,RUN,Mikey Thomas,-10,MELONHEADS,5,RB,FALSE,FALSE,NA
611,1,10,96,MISSING,2x2,RUN 03 WR3 LT,RUN,Pablo Sanchez,-42,HORNETS,3,WR3,FALSE,FALSE,NA
612,4,1,3,MISSING,2x2 T,RUN 06 LT,RUN,Dante Robinson,-39,PIGSKINS,3,WR3,FALSE,FALSE,NA
613,1,10,75,MISSING,2x3,PASS 26 PASS 35 WR1 MDL,PASS,Mikey Thomas,-17,FISHES,19,WR1,FALSE,FALSE,INCOMPLETE
614,3,10,29,MISSING,2x1,PROTECTION 03 PASS 32,PASS,Mikey Thomas,13,ORCAS,24,RB,FALSE,FALSE,COMPLETE
615,1,10,64,MISSING,2x2,RUN 08 LT,RUN,Mikey Thomas,27,ORCAS,5,RB,FALSE,FALSE,NA
616,1,10,74,MISSING,1x3,RUN 05 RUN 15 RT,RUN,Mikey Thomas,13,ORCAS,5,RB,FALSE,FALSE,NA
617,2,10,63,MISSING,3x2,PROTECTION 03 PASS 24,PASS,Mikey Thomas,-18,FISHES,3,WR3,FALSE,FALSE,COMPLETE
618,2,25,95,MISSING,2x3,PROTECTION 03 PASS 26,PASS,Mikey Thomas,-18,FISHES,18,WR2,FALSE,FALSE,COMPLETE
619,2,10,20,MISSING,2x2 T,RUN 05 RT,RUN,Non-QB,41,ORCAS,36,RB,FALSE,FALSE,NA
620,1,10,75,MISSING,4x1,RPO 01 RUN 01,RUN,Mikey Thomas,-5,PONIES,12,Q,FALSE,FALSE,NA
621,1,10,59,MISSING,2x2 T,RUN 06 LT,RUN,Mikey Thomas,1,PONIES,3,WR3,FALSE,FALSE,NA
622,3,9,32,MISSING,1x3,PROTECTION 03 PASS 19,PASS,Mikey Thomas,-18,FISHES,5,RB,FALSE,FALSE,COMPLETE
623,2,2,38,MISSING,3x1,RPO 01 RUN 03 LT,RUN,Mikey Thomas,12,ORCAS,5,RB,FALSE,FALSE,NA
624,2,3,53,MISSING,1x4,PROTECTION 03 PASS 05,PASS,Mikey Thomas,-16,FISHES,3,WR3,FALSE,FALSE,INCOMPLETE
625,4,11,34,MISSING,4x1,PROTECTION 03 PASS 19 LT WR1 ROUTE 02,PASS,Dante Robinson,-33,PIGSKINS,87,WR2,FALSE,TRUE,INTERCEPTION